1,100021237RR0001,www.academielafontaine.qc.ca,Valid,,,,,
2,100072586RR0001,WWW.AKFC.CA,Valid,,,,,
3,100096585RR0001,WWW.SAINTJOHNARTSCENTRE.COM,Valid,,,,,
4,100148196RR0001,WWW.AFWPG.CA,Valid,,,,,
5,100192012RR0001,www.ileauxnoix.com/fr/tourisme/amis-lennox.html,Valid,,,,,
6,100220417RR0001,WWW.IRCPA.NET,Valid,https://www.facebook.com/pages/International-Resource-Centre-for-Performing-Artists-IRCPA/114128938656497,,,,
7,100295138RR0001,WWW.ACLDECHATEAUGUAY.ORG,Valid,,,,,
8,100296318RR0001,WWW.ALPHA-MONTREAL.CA,Invalid,,,,,
9,100296490RR0001,WWW.ACTEESTRIE.COM,Valid,,,,,
10,100301290RR0001,WWW.AOJM.ORG,Valid,http://www.facebook.com/pages/AOJM-Association-des-orchestres-de-jeunes-de-la-Mont%C3%A9r%C3%A9gie/349656105067547?sk=wall,,,,
11,100301464RR0001,AVENTURIERSDEBADENPOWELL.ORG,Valid,,,,,
12,100301878RR0001,APHJM.ORG,Valid,https://www.facebook.com/AssociationDesPersonnesHandicapeesMatawinie?fref=ts,,,,
13,100303387RR0001,WWW.ARAMONTREAL.ORG,Valid,,,,,
14,100303817RR0001,WWW.DIABETELAVAL.QC.CA,Valid,https://www.facebook.com/diabetelaval,,,,
15,100304005RR0001,WWW.AQEPA.ORG,Valid,https://www.facebook.com/AQEPA,,,,
16,100304344RR0001,WWW.AHCQ.ORG,Invalid,,,,,
17,100305275RR0001,WWW.AISQ.ORG,Valid,https://www.facebook.com/pages/Association-pour-lint%C3%A9gration-sociale-R%C3%A9gion-de-Qu%C3%A9bec/130245417045643,,,,
18,100305473RR0001,WWW.MUSEEMAB.COM,Valid,,,,,
19,100305507RR0001,WWW.AQLPH.QC.CA,Valid,,,,,
20,100305663RR0001,WWW.AQPV.CA,Valid,,,,,
21,100306174RR0001,WWW.MSSOCIETY.CA/QC/,Invalid,,,,,
22,100306182RR0001,WWW.SCLEROSEENPLAQUES.CA/QC,Invalid,,,,,
23,100307016RR0001,WWW.ULSAT.QC.CA,Invalid,,,,,
24,100316132RR0001,WWW.ATELIER.QC.CA,Valid,http://www.facebook.com/Atelierdelile,,,,
25,100318195RR0001,WWW.ATELIERINDUSTRIEL.ORG,Valid,,,,,
26,100319797RR0001,ATELIERSTAQ.COM,Valid,,,,,
27,100356047RR0001,WWW.AUPARVI.QC.CA,Invalid,,,,,
28,100384734RR0001,WWW.BALLETOUEST.COM,Valid,http://www.facebook.com/business/dashboard/,,,,
29,100405299RR0001,WWW.SOMERSETACADEMY.CA,Valid,,,,,
30,100462118RR0001,WWW.BCCNS.CA,Valid,,,,,
31,100504687RR0001,WWW.IMPERIALTHEATRE.NB.CA,Valid,http://www.facebook.com/imperialtheatre,,http://www.twitter.com/imperialtheatre,http://www.youtube.com/imperialtheatre,
32,100718212RR0001,CAFEDESDEUXPAINS.ORG,Valid,,,,,
33,100731660RR0001,WWW.CENTREFORNEWCOMERS.CA,Valid,,,,,
34,100749498RR0001,www.campdesiles.org,Valid,,,,,
35,100751056RR0001,WWW.CAPALORIGNAL.COM,Valid,,,,,
36,100760404RR0001,KRIYAYOGA.ORG,Valid,,,,,
37,100762723RR0001,WHYENCOUNTER.COM,Valid,,,,http://www.youtube.com/watch?v=9u4Uc5-X8xY,
38,100763416RR0001,WWW.CEA-ACE.CA,Valid,http://www.facebook.com/cea.ace,http://www.linkedin.com/company/canadian-education-association-cea-association-canadienne-d-ducation-ace-,,http://www.youtube.com/user/CdnEducAssn,
39,100765114RR0001,WWW.CANADIANGOODWILL.CA,Valid,https://www.facebook.com/pages/Canadian-Goodwill-Industries/132358873505580,,,,
40,100765882RR0001,WWW.THECHF.CA,Valid,,,,,
41,100766427RR0001,WWW.CANADIAN-INSTITUTE.COM,Valid,,,,,
42,100773779RR0001,CWRA.ORG,Valid,,http://www.linkedin.com/groups/CWRA-2294668?home=&amp;gid=2294668&amp;trk=groups_most_popular-h-logo,,,
43,100774843RR0001,WWW.CANALSAVOIR.TV,Valid,,http://www.linkedin.com/company/canal-savoir,,http://www.youtube.com/user/CanalSavoir,
44,100810290RR0001,www.cclf.ca,Valid,,,,,
45,100814854RR0001,WWW.RAINBOWKIDSCHOOL.CA,Valid,,,,,
46,100825322RR0001,MDJI.QC.CA,Invalid,,,,,
47,100825439RR0001,WWW.CARREFOURSTEUSEBE.COM,Valid,,,,,
48,100844919RR0001,CFSTORONTO.COM,Valid,,,,,
49,100876143RR0001,WWW.LEJOURDAIN.ORG,Valid,,,,,
50,100876531RR0001,WWW.LEPIVOT.ORG,Valid,,,,,
51,100876689RR0001,WWW.SAWCC-CCFSA.CA,Valid,,,,,
52,100876903RR0001,CCSEMAISONNEUVE.QC.CA,Invalid,,,,,
53,100877513RR0001,WWW.CABBOUCHERVILLE.CA,Valid,,,,,
54,100877596RR0001,CABMEKINAC.ORG,Valid,http://www.facebook.com/pages/Centre-dAction-Benevole-Mekinac/162788660432964,,,,
55,100878032RR0001,CENTREALPHABASQUES.COM,Valid,,,,,
56,100878115RR0001,WWW.CAPVIE.ORG,Valid,http://www.facebook.com/capvie.assur,,,http://www.youtube.com/user/CapvieAssurances,
57,100878776RR0001,WWW.BENEVOLATLAVAL.QC.CA,Valid,http://www.facebook.com/pages/Centre-de-b%C3%A9n%C3%A9volat-et-moisson-Laval/125348704172262,,,,
58,100880822RR0001,LECFP@QC.CA,Invalid,,,,,
59,100883289RR0001,WWW.CENTRELABOUSSOLE.CA,Valid,https://www.facebook.com/pages/Centre-dentraide-La-boussole-Inc/4497343150,,http://www.twitter.com/@Directeur_bouss,,
60,100884188RR0001,WWWPREVENTIONSUICIDE MARLARTIC.COM,Invalid,,,,,
61,100886415RR0001,WWW.WIWC.CA,Valid,http://www.facebook.com/westislandwomenscentre,,,,
62,100886530RR0001,WWW.ESPACEVERRE.QC.CA,Valid,http://www.facebook.com/EspaceVERRE,,,,
63,100887272RR0001,WWW.VABSL.ORG,Valid,,,,,
64,100889997RR0001,WWW.CENTRE-ETAPE.QC.CA,Valid,https://www.facebook.com/pages/Centre-Ã©tape/163868970373957,,,,
65,100890920RR0001,WWW.CIAC.CA,Valid,http://www.facebook.com/pages/La-Biennale-de-Montreal/116828898338432?ref=ts#%21/profile.php?id=100001044193967&amp;v=wall&amp;ref=ts,,,,
66,100891134RR0001,WWW.PATROJONQUIERE.COM,Invalid,,,,,
67,100893379RR0001,WWW.CRJ-AT.QC.CA,Valid,http://www.facebook.com/pages/Centre-ressources-jeunesse-de-lAbitibi-T%C3%A9miscamingue/101839649893576,,,,
68,100904085RR0001,WWW.CETAL.CA,Valid,,,,,
69,100910215RR0001,WWW/CHALETMALOUIN.COM/,Invalid,,,,,
70,100917020RR0001,CHANTELAIT.ORG,Valid,,,,,
71,100931203RR0001,WWW.CLC-K.CA,Valid,http://www.facebook.com/#!/communitylivingchathamkent,,,,
72,100960863RR0001,WWW.ROCKLAKECEFC.ORG,Valid,,,,,
73,100966175RR0001,WWW.CHURCHILLSCIENCE.CA,Valid,https://www.facebook.com/pages/Churchill-Northern-Studies-Centre/168553903301408,,,http://www.youtube.com/user/churchillnsc,
74,100977180RR0001,WWW.CHILDWITNESS.COM,Valid,https://www.facebook.com/pages/Child-Witness-Centre/161289197369805,,,http://www.youtube.com/watch?v=WKhKVoQfG5Y,
75,101050417RR0001,WWW.CFIQ.CA,Valid,http://www.facebook.com/group.php?gid=144146558954939,,http://www.twitter.com,,
76,101051381RR0001,WWW.COLLEGEDECHAMPIGNY.COM,Valid,http://www.facebook.com/collegedechampigny,,,,
77,101065183RR0001,WWW.CEDA22.COM,Valid,,,,,
78,101065548RR0001,WWW.CARREFOURACCESLOISIRS.COM,Valid,,,,,
79,101071777RR0001,WWW.CEDAWPG.ORG,Valid,,,,,
80,101072106RR0001,WWW.NURSINGREGISTRYOTTAWA.CA,Valid,,,,,
81,101072254RR0001,WWW.COMMUNITYRESPITESERVICE.CA,Valid,https://www.facebook.com/CommunityRespite,,,,
82,101072361RR0001,WWW.VOLUNTEERLETHBRIDGE.COM,Valid,http://www.facebook.com/pages/Volunteer-Lethbridge/127159700660021,,,,
83,101074607RR0001,WWW.QUATSOUS.COM,Valid,http://www.facebook.com/theatredequatsous,,,http://www.youtube.com/user/quatsous,
84,101094266RR0001,ERMITAGE.CA,Valid,,,,,
85,101098234RR0001,WWW.CDLS.QC.CA,Valid,http://www.facebook.com/cdlsscience,,http://www.twitter.com/exposciences,http://www.youtube.com/exposciences,
86,101144541RR0001,WWW.COOPERINSTITUTE.CA,Valid,https://www.facebook.com/pages/Cooper-Institute/156027014448502?ref=hl,,,,
87,101151520RR0001,WWW.HERITAGECOMMUNITYASSOCIATION.COM,Valid,,,,,
88,101159564RR0001,KAMOURASKA.ORG,Valid,https://www.facebook.com/centre.dart.de.kamouraska,,,,
89,101161115RR0001,WWW.DIFFUSIONCULTURELLEDELEVIS.CA,Valid,http://www.facebook.com/anglicane,,,,
90,101205888RR0001,WWW.CRISISCENTRE-NB.ON.CA,Valid,,,,,
91,101214716RR0001,WWW.BELLEVUEMINE.CA,Invalid,,,,,
92,101258010RR0001,WWW.DANCEMANITOBA.ORG,Valid,http://www.facebook.com/pages/Dance-Manitoba-Inc/210968142294814,,,,
93,101258077RR0001,WWW.DTRC.CA,Valid,http://www.facebook.com/dtrcnews,,,http://www.youtube.com/user/DancerTransition?feature=mhsn,
94,101264760RR0001,WWW.DANNYGROSSMAN.COM,Valid,,,,,
95,101298719RR0001,WWW.DAYNURSERYCENTRE.CA,Valid,,,,,
96,101397644RR0001,WWW.DASCH.MB.CA,Valid,http://www.facebook.com/pages/DASCH-Inc/138104869414,,,,
97,101469609RR0001,WWW.FONDATIONDOUGLAS.QC.CA,Valid,,,,,
98,101476083RR0001,WWW.QUADRAVILLAGECC.COM,Valid,http://www.facebook.com/QuadraVillage,,,,
99,101522415RR0001,WWW.DURHAMCHILDCARE.ORG,Valid,,,,,
100,101544351RR0001,WWW.EASTENDCHILDRENSCENTRE.ORG,Valid,http://www.facebook.com/pages/East-End-Childrens-Centre/144350198908321?ref=ts,,,,
101,101546588RR0001,WWW.MCS.EDU,Valid,http://www.facebook.com/pages/MASTERS-COLLEGE-SEMINARY/229701161513,,,http://www.youtube.com/mcsnews,
102,101562247RR0001,MUSIQUEHARRICANA.COM,Valid,,,,https://www.youtube.com/watch?v=U5Ua_xTWzdo&amp;feature=player_embedded,
103,101562841RR0001,WWW.ERSM.ORG,Valid,,,,,
104,101563096RR0001,WWW.LEMUSO.COM,Valid,https://www.facebook.com/muso.valleyfield,,,,
105,101577294RR0001,WWW.EVENTSEDMONTON.CA,Valid,https://www.facebook.com/EventsEdmonton,,,,
106,101589380RR0001,WWW.EGLISEBBB.COM,Valid,,,,,
107,101630812RR0001,EMMANUELCHILDCARE.CA,Valid,,,,,
108,101633501RR0001,WWW.EMPLOI-JEUNESSE.ORG,Valid,https://www.facebook.com/emploijeunesse1830,,,,
109,101676864RR0001,WWW.ERINMILLSCOOP.CA,Valid,,,,,
110,101678969RR0001,WWW.ERNESTINES.CA,Valid,https://www.facebook.com/pages/Ernestines-Womens-Shelter/103143786364,,,http://www.youtube.com/watch?v=p1SU1Q9RihY&feature=player_embedded#at=41,
111,101717445RR0001,WWW.EXPANSION-FEMMES.COM,Valid,,,,,
112,101756351RR0001,WWW.FQLL.CA,Valid,,,,,
113,101787554RR0001,FTA.QC.CA,Valid,http://www.facebook.com/pages/FTA-Festival-TransAm%C3%A9riques/192840716437,,,http://www.youtube.com/user/MontrealFTA,
114,101808491RR0001,WWW.FIRSTPLACEHAMILTON.COM,Valid,,,,,
115,101835007RR0001,WWW.FONDATION-AFRAPPIER-INRS.CA,Valid,,http://www.linkedin.com/company/fondation-universitaire-armand-frappier-de-l'inrs,,http://www.youtube.com/embed/U0t4zcTiAME?rel=0&amp;wmode=opaque,
116,101835171RR0001,FONDATIONCHLAMALBAIE.ORG,Valid,,,,,
117,101835247RR0001,WWW.FONDATIONHONOREMERCIER.COM,Valid,,,,,
118,101835528RR0001,WWW.ARTSQUEBEC.ORG,Valid,,,,,
119,101835718RR0001,www.csssgranit.qc.ca/fr/,Valid,,,,,
120,101836054RR0001,FONDATIONHOSPITALIEREAMOS.ABITMIS.INFO,Invalid,,,,,
121,101836260RR0001,WWW.OISELEURS.CA,Valid,,,,,
122,101836294RR0001,WWW.FONDATIONLIONELGROULX.ORG,Valid,http://www.facebook.com/fondationlionelgroulx,,,http://www.youtube.com/user/fondlionelgroulx?gl=CA&hl=fr,
123,101836302RR0001,HTTP://FONDATIONLUCIENPICHE.ORG/,Valid,,,,,
124,101836542RR0001,WWW.JEVI.QC.CA,Valid,,,,,
125,101836641RR0001,WWW.FONDATIONDESMALADIESMENTALES.ORG,Valid,,,,,
126,101836773RR0001,WWW.FRJ.QC.CA,Valid,https://www.facebook.com/pages/Fondation-Ressources-Jeunesse/480926321968659,http://www.linkedin.com/company/fondation-ressources-jeunesse?trk=cp_followed_name_fondation-ressources-jeunesse,,,
127,101836823RR0001,WWW.FONDATIONDC.COM,Valid,https://www.facebook.com/pages/Fondation-Dollard-Cormier/83866071607,,http://www.twitter.com/fondationcrdm,,
128,101837078RR0001,WWW.MONCSSS.COM/FONDATIONS,Invalid,,,,,
129,101837342RR0001,FONDATIONCMADQ.CA,Invalid,,,,,
130,101837896RR0001,WWW.FONDATIONICM.ORG,Valid,,,,,
131,101851202RR0001,WWW.FORTERIEPRESCHOOL.COM,Valid,,,,,
132,101894426RR0001,WWW.WYEMARSH.COM,Valid,http://www.facebook.com/wyemarshwildlifecentre,,,,
133,101943157RR0001,WWW.NELEPHANT.CA,Valid,,,,,
134,101945418RR0001,WWW.CPCLABECQUEE.COM,Invalid,,,,,
135,101945632RR0001,WWW.CPELANSEAUXLIEVRES.COM,Valid,,,,,
136,101946200RR0001,CPE.LESSTROUMPFS@BELLNET.CA,Invalid,,,,,
137,102097268RR0001,GINALORIRILEYDANCEENTERPRISES.COM,Valid,,,,,
138,102097565RR0001,WWW.GBNURSERY.CA,Valid,,,,,
139,102145224RR0001,WWW.GOODFOUNDATION.CA,Valid,,,,,
140,102156916RR0001,WWW.GOSPELTEXT.COM,Valid,,,,,
141,102164225RR0001,WWW.GRAFT.CA,Valid,,,,,
142,102258043RR0001,WWW.GERITOLFOLLIES.CA,Invalid,,,,,
143,102278876RR0001,WWW.HARMONYCHILDCARECENTRE.COM,Invalid,,,,,
144,102345519RR0001,WWW.HICHAUD.COM,Valid,,,,,
145,102430378RR0001,www.huronsafehomes.com,Valid,,,,,
146,102473667RR0001,WWW.IMPULSION-TRAVAIL.COM,Valid,,,,,
147,102497542RR0001,WWW.IRSST.QC.CA,Valid,http://www.facebook.com/pages/Montreal-QC/IRSST-recherche-en-sante-et-en-securite-du-travail/187794062071,http://www.linkedin.com/company/irsst,,http://www.youtube.com/user/IRSST,
148,102526415RR0001,www.ioof.com,Valid,,,,,
149,102540473RR0001,WWW.ICRF.CA,Valid,,,,,
150,102541786RR0001,WWW.OASISCC.CA,Valid,https://www.facebook.com/oasiscommunitychurch,,,,
151,102681426RR0001,GWITMOCFOUNDATION.ORG,Invalid,,,,,
152,102714151RR0001,WWW.JBHFOUNDATION.CA,Valid,https://www.facebook.com/pages/The-Joseph-Brant-Hospital-Foundation/150826148409026,http://www.linkedin.com/company/joseph-brant-hospital,,http://www.youtube.com/channel/UCsDSbTa2KLUtE9GtkWTLbGA,
153,102830999RR0001,WWW.KIDVILLE-QUEBEC.COM,Valid,,,,,
154,102842945RR0001,WWW.KINGSLEYSCHOOL.CA,Valid,,,,,
155,102843786RR0001,WWW.99YORK.ORG,Valid,,,,,
156,102876059RR0001,WWW.KCWA.NET,Valid,http://www.facebook.com/kcwaservice,,,,
157,102904737RR0001,WWW.LABOUSSOLE.CA,Valid,https://www.facebook.com/media/set/?set=a.685715528105661.1073741830.149774071699812&amp;type=3&amp;uploaded=5#!/media/set/?set=a.685715528105661.1073741830.149774071699812&amp;type=1,,,,
158,102918729RR0001,WWW.CHAUDRONWEB.ORG,Valid,,,,,
159,102927894RR0001,WWW.LACROISE.CA,Valid,,,,,
160,102928264RR0001,ACTIA@CABLEVISION.QC.CA,Valid,,,,,
161,102934072RR0001,WWW.TNM.QC.CA,Valid,http://www.facebook.com/theatredunouveaumonde,,,,
162,102934320RR0001,WWW.COLLEGESAINTSACREMENT.QC.CA,Valid,,,,,
163,102935962RR0001,CPEPIERROTLALUNE.CA,Valid,,,,,
164,102935988RR0001,WWW.CPEJARDINDEFRUITS.ORG,Valid,,,,,
165,102940400RR0001,WWW.JONCTIONPOURELLE.CA,Invalid,,,,,
166,102950300RR0001,MAISONDESFEMMESBC.QC.CA,Valid,,,,,
167,102950425RR0001,WWW.MAISONSDEJEUNES.GC.CA,Invalid,,,,,
168,102971892RR0001,WWW.LAPORTEOUVERTE.INFO,Valid,,,,,
169,102980851RR0001,WWW.THEATRELARUBRIQUE.COM,Valid,https://www.facebook.com/theatrelarubrique,,,,
170,102983913RR0001,WWW.SAHB.CA,Valid,https://www.facebook.com/pages/Maison-Girardin/318733738259118?fref=ts,,,,
171,102992047RR0001,DYNAMOTHEATRE.QC.CA,Valid,https://www.facebook.com/pages/DynamO-Théâtre/229332860459495,,,http://www.youtube.com/user/dynamotheatreinc?feature=watch,
172,102997855RR0001,WWW.AUTONHOMMIE.ORG,Valid,,,,,
173,102997897RR0001,WWW.AUTRE-RIVE.CA,Valid,,,,,
174,103018537RR0001,CLUB FAMILIAL RENE-GOUPIL,Invalid,,,,,
175,103019360RR0001,WWW.CENTREMIRIAM.CA,Valid,,,,,
176,103021598RR0001,WWW.CHEZNOUSDESARTISTES.COM,Invalid,,,,,
177,103036760RR0001,WWW.LAVEILLEE.QC.CA,Valid,http://www.facebook.com/theatreprospero,,,https://www.youtube.com/user/Prosperotheatre,
178,103047411RR0001,WWW.MOULINMUSIQUE.QC.CA,Valid,http://www.facebook.com/pages/Le-Moulin-a-Musique/363446276471?v=wall,,,,
179,103047676RR0001,WWW.MUSEE-MCCORD.QC.CA,Valid,http://www.facebook.com/pages/Montreal-QC/Musee-McCord-Museum/44167456577,,,http://www.youtube.com/user/MuseeMcCordMuseum,
180,103051215RR0001,WWW.LESSORTILEGES.COM,Valid,,,,,
181,103061156RR0001,WWW.RIMOOSKIWEB.COM/REPITDUPASSANT,Invalid,,,,,
182,103069753RR0001,WWW.LESAMISDELAMATER.ORG,Valid,https://www.facebook.com/pages/Les-Amis-de-Lamater/195724490447249?fref=ts,,,,
183,103086104RR0001,WWW.JEUNESNATURALISTES.ORG,Valid,,,,,
184,103116448RR0001,CAPAUXDIAMANTS.ORG,Valid,https://www.facebook.com/pages/Capauxdiamants/460428417363862?fref=ts,,,,
185,103117347RR0001,WWWEDITIONSLERENOUVEAU.COM,Invalid,,,,,
186,103190187RR0001,WWW.CENTREREADAPTATIONESTRIE.ORG,Invalid,,,,,
187,103199196RR0001,WWW.GRANDSBALLETS.COM,Valid,http://www.facebook.com/pages/Les-Grands-Ballets-Canadiens-de-Montreal/119210371822,,,,
188,103219739RR0001,WWW.ALLIANCE9000.COM,Valid,,,,http://www.youtube.com/v/a2Y5sq1Ijp8&amp;rel=0&amp;autoplay=1,
189,103244091RR0001,WWW.MNDP.QC.CA,Valid,,,,,
190,103246690RR0001,WWW.PPJ.CA,Invalid,,,,,
191,103272886RR0001,WWW.GGCLASALLE.COM,Invalid,,,,,
192,103274528RR0001,DIFFUSSIONSCOULISSE.CA,Invalid,,,,,
193,103311395RR0001,INFO@THEATREOPSIS.ORG,Valid,http://www.facebook.com/theatreopsis,,,,
194,103311460RR0001,WWW.VIEILLE17.CA,Valid,https://www.facebook.com/pages/TH%C3%89%C3%82TRE-DE-LA-VIEILLE-17/219397734749058,,,,
195,103311486RR0001,WWW.DOUBLESIGNE.CA,Valid,http://www.facebook.com/group.php?gid=2416861187,,,,
196,103321410RR0001,WWW.LHOTEMAISON.COM,Valid,http://www.facebook.com/pages/LH%C3%B4te-Maison-Maison-de-jeunes/168398153183724,,,,
197,103372413RR0001,WWW.OEILDEPOISSON.COM,Valid,https://www.facebook.com/oeildepoisson?fref=ts,,,http://www.youtube.com/user/oeildepoisson,
198,103373635RR0001,WWW.LH-INC.CA,Valid,http://www.facebook.com/pages/LÃ¶gberg-Heimskringla/142964285774061,,,,
199,103374476RR0001,WWW.LOGIFEM.ORG,Valid,,,,,
200,103378725RR0001,WWW.LCCLC.ORG,Valid,https://www.facebook.com/LondonCCLC,http://www.linkedin.com/groups?gid=3127339&amp;mostPopular=&amp;trk=tyah,,https://www.youtube.com/,
201,103386694RR0001,www.lordroberts.org,Valid,,,,,
202,103400834RR0001,WWW.BCSAF.ORG,Valid,http://www.facebook.com/bcselfadvocacy,,,http://www.youtube.com/user/BCSelfAdvocacy?feature=mhee,
203,103463469RR0001,WWW.MDJSADP.COM,Invalid,,,,,
204,103463519RR0001,MAISONDESJEUNES.ORG,Valid,,,,,
205,103464301RR0001,WWW.MAISONLALCOVE.COM,Valid,,,,,
206,103465373RR0001,WWW.MAISONST-DOMINIQUE.ORG,Valid,,,,,
207,103480729RR0001,WWW.MANITOBAAGHALLOFFAME.COM,Valid,,,,,
208,103480802RR0001,WWW.MANITOBAARTSNETWORK.CA,Valid,https://www.facebook.com/pages/Manitoba-Arts-Network/77135232619,,,http://www.youtube.com/channel/UCq51vA8SWMuztjsqhHBWHTA,
209,103480828RR0001,MBPLAYS.CA,Valid,https://www.facebook.com/mbplaywrights,,,,
210,103515631RR0001,WWW.FERTILITYCARE.CA,Valid,,,,,
211,103562484RR0001,WWW.LESMATINEES.COM,Valid,,,,,
212,103605218RR0001,WWW.MCNICOLLCHILDCARE.COM,Valid,,,,,
213,103608717RR0001,WWW.MARIECHOUINARD.COM,Valid,http://www.facebook.com/pages/Compagnie-Marie-Chouinard/90299878696,,,http://www.youtube.com/user/MarieChouinard?blend=23&ob=5,
214,103633939RR0001,MENNONITEHERITAGEVILLAGE.COM,Valid,http://www.facebook.com/pages/Mennonite-Heritage-Village-Museum/143278635733876,,,,
215,103649331RR0001,RURALFAMILYCONNECTIONS.CA,Valid,,,,,
216,103710703RR0001,WWW.BBBSMIRAMICHI.COM,Valid,,,,,
217,103714119RR0001,WWW.CONSOLATA.QC.CA,Valid,,,,,
218,103747150RR0001,WWW.MONCTONWESTROTARY.CA,Valid,,,,,
219,103782793RR0001,WWW.CJ.QC.CA,Valid,,,,,
220,103798245RR0001,WWW.MUKIBAUM.COM,Valid,https://www.facebook.com/pages/MukiBaum-Treatment-Centres/211243632260453?sk=wall&amp;filter=1,,,,
221,103806154RR0001,ACHAYER@LEMURIER.ORG,Valid,,,,,
222,103811303RR0001,WWW.MMAQ.QC.CA,Valid,,,,http://www.youtube.com/user/MuseeMAQ,
223,103811345RR0001,HTTP://WWW.MUSEEDESRELIGIONS.QC.AC,Valid,,,,,
224,103811386RR0001,WWW.MRVS.QC.CA,Valid,https://www.facebook.com/museervs,,,https://www.youtube.com/watch?v=n-ajzaaUtSY,
225,103838223RR0001,WWW.NWRCT.CA,Valid,https://www.facebook.com/pages/Native-Womens-Resource-Centre-of-Toronto/292090724136835,,http://www.twitter.com/#!/NWRCT,,
226,103839262RR0001,WWW.NATURE-ACTION.QC.CA,Valid,http://www.facebook.com/pages/Nature-Action-Qu%C3%A9bec/108641695836334,http://www.linkedin.com/company/nature-action-qu-bec,,http://www.youtube.com/user/natureactionquebec,
227,103861316RR0001,WWW.NBSAFCTY.NB.CA,Invalid,,,,,
228,103875738RR0001,WWW.NIAGARAANTIQUEPOWER.ORG,Valid,,,,,
229,103918389RR0001,COMMUNITYLIVINGNORTHBAY.ORG,Valid,http://www.facebook.com/pages/Community-Living-North-Bay/248036518661192,,,,
230,103920930RR0001,WWW.NORTHEASTOUTREACH.CA,Valid,https://www.facebook.com/pages/North-East-Outreach-Support-Services/119631214787732,,,,
231,103921649RR0001,WWW.NORTHENDCOOPPRESCHOOL.CA,Valid,,,,,
232,103929162RR0001,WWW.NHCHC.CA,Valid,,,,,
233,103966529RR0001,WWW.SHHALTON.ORG,Valid,,,,,
234,103966628RR0002,WWW.HALTONHEALTHCARE.COM,Valid,https://www.facebook.com/pages/Halton-Healthcare-Services/639877486029228,http://www.linkedin.com/company/3186579?trk=tyah,,https://www.youtube.com/channel/UC7xEU3Gq9890M-1Y0pz-Aog,
235,103976064RR0001,combeatitudes.ca,Invalid,,,,,
236,103982492RR0001,WWW.KOSHETZCHOIR.ORG,Valid,,,,,
237,104000211RR0001,WWW.OFSAA.ON.CA,Valid,http://www.facebook.com/OFSAA,,,,
238,104001573RR0001,WWW.PENGED.ON.CA,Valid,,,,,
239,104001771RR0001,WWW.ORMTA.ORG,Valid,http://www.facebook.com/pages/Ontario-Registered-Music-Teachers-Association/223312484348113,http://www.linkedin.com/groupsDirectory?itemaction=mclk&amp;anetid=1798069&amp;impid=&amp;pgkey=anet_search_results&amp;actpref=anetsrch_name&amp;trk=anetsrch_name&amp;goback=%2Egdr_1325782424953_1,,http://www.youtube.com/user/TheORMTA,
240,104004569RR0001,OPERADEMONTREAL.COM,Valid,http://www.facebook.com/pages/Op%C3%A9ra-de-Montr%C3%A9al/23275515418,,,http://www.youtube.com/user/OperadeMtl,
241,104004577RR0001,WWW.OPERAEQUEBEC.QC.CA,Invalid,,,,,
242,104010863RR0001,WWW.OSDL.CA,Valid,http://www.facebook.com/pages/Orchestre-symphonique-de-Longueuil/246560452056511,http://www.linkedin.com/groups/Fondation-Orchestre-symphonique-Longueuil-4110883,,,
243,104020474RR0001,WWW.THEOCNS.COM,Valid,,,,,
244,104030036RR0001,CAMPOUTLOOK.CA,Valid,,,,,
245,104083498RR0001,WWW.PARRAINAGEMONTREAL.ORG,Valid,https://www.facebook.com/parrainagemontreal?,,,http://www.youtube.com/channel/UC_1lD2tsWNKvrH4_16AAdxg,
246,104094370RR0001,WWW.PATRIA.ORG,Valid,,,,,
247,104110465RR0001,WWW.COMMUNAUTE-DAME.QC.CA,Valid,,,,,
248,104125323RR0001,WWW.RMH.MB.CA,Valid,https://www.facebook.com/rmhmanitoba,,,,
249,104184775RR0001,WWW.TEENIHEALTHCENTRE.COM,Invalid,,,,,
250,104203138RR0001,WWW.PINELAKECHRISTIANCAMP.COM,Valid,https://www.facebook.com/PineLakeChristianCamp/photos_albums,,,http://www.youtube.com/embed/331O6rtRPcM?autoplay=1,
251,104230990RR0001,HTTP://PLACEVERMEIL.QC.CA,Invalid,,,,,
252,104238183RR0001,PLAYTIMENURSERY.CA,Invalid,,,,,
253,104248513RR0001,WWW.PLURI-ELLES.MB.CA,Valid,,,,,
254,104254768RR0001,WWW.OJAVOLTEFACE.CA,Valid,,,,,
255,104256581RR0001,WWW.POLANIE.CA,Valid,,,,,
256,104287909RR0001,WWW.PRECIOUSJEWELSDAYCARE.COM,Invalid,,,,,
257,104317375RR0001,WWW.PACT.CA,Valid,http://www.facebook.com/pactpage,,,,
258,104324223RR0001,WWW.PROJETSUIVICOMMUNAUTAIRE.COM,Valid,,,,,
259,104347042RR0001,WWW.PUPPETMONGERS.COM,Valid,,,,,
260,104385885RR0001,WWW.RAINBOWDAYCAMP.COM,Valid,,,,,
261,104448246RR0001,REGUGE.JEUNESSE.COM,Invalid,,,,,
262,104454939RR0001,WWW.RCLALQ.QC.CA,Valid,https://www.facebook.com/events/405602082910487/?source=3&amp;source_newsfeed_story_type=regular,,,,
263,104472535RR0001,WWW.RVCOUPLE.ORG,Invalid,,,,,
264,104482518RR0001,WWW.TREMPLIN.ORG,Valid,,,,,
265,104631825RR0001,WWW.ROSSBROOKHOUSE.CA,Valid,,,,,
266,104642772RR0001,WWW.ROYALFAIR.ORG,Valid,https://www.facebook.com/royalfair/photos_albums,,,http://www.youtube.com/user/royalhorseshow/videos,
267,104692017RR0001,WWW.HUMANDEVELOPMENTCOUNCIL.NB.CA,Valid,,,,,
268,104725155RR0001,WWW.SAHS.CA,Valid,,,,,
269,104790274RR0001,www.sbeva.com,Valid,,,,,
270,104790332RR0001,WWW.SOLUTIONSBUDGETPLUS.COM,Valid,,,,,
271,104795711RR0001,WWW.SERVICEESPOIR.COM,Valid,,,,,
272,104797212RR0001,WWW.SAUVETAGE.QC.CA,Valid,,,,,
273,104801261RR0001,WWW.CMRL.ORG,Valid,,,,,
274,104809371RR0001,www.saccwindsor.net,Valid,,,,,
275,104832407RR0001,WWW.SHERBROOKECOMMUNITYCENTRE.CA,Valid,,,,,
276,104872304RR0001,WWW.JGHFOUNDATION.ORG,Valid,,,,,
277,104885223RR0001,WWW.SKYWORKSFOUNDATION.ORG,Valid,https://www.facebook.com/pages/SkyWorks-Charitable-Foundation/237837822956251,,,http://www.youtube.com/user/SkyworksFoundation,
278,104896550RR0001,WWW.SARDA.AREC.AB.CA,Invalid,,,,,
279,104902523RR0001,WWW.SCLEROSEENPLAQUES.CA/QC,Invalid,,,,,
280,104902960RR0001,WWW.SPRC.HAMILTON.ON.CA,Valid,http://www.facebook.com/sprchamilton,,,,
281,104903166RR0001,WWW.LEDCL.QC.CQ,Invalid,,,,,
282,104904560RR0001,WWW.DAMEDECOEUR.COM,Valid,,,,,
283,104906003RR0001,WWW.GENEALOGIE.ORG/CLUB/SGLAURENTIDES/,Invalid,,,,,
284,104910989RR0001,WWW.SROH.ORG,Valid,,,,,
285,104914247RR0001,WWW.SHISTORIQUESAGUENAY.COM,Valid,,,,,
286,104917331RR0001,WWW.SALR.CA,Valid,,,,,
287,104954730RR0001,WWW.SPCASAGUENAY.COM,Valid,http://www.facebook.com/pages/SPCA-SAGUENAY/79473994102,,,,
288,104973458RR0001,WWW.SPRINTSENIORCARE.ORG,Valid,https://www.facebook.com/SPRINT.Senior.Care,http://www.linkedin.com/company/sprint-senior-peoples-resources-in-north-toronto-,,https://www.youtube.com/user/sprintseniorcare,
289,104984851RR0001,WWW.STALPHONSUSSCHOOL.CA,Valid,http://www.facebook.com/stalphonsusschool1,,,,
290,105004790RR0001,WWW.ACW.ON.CA,Valid,,,,,
291,105005805RR0001,WWW.STCLEMENTSSCHOOL.CA,Valid,,,,,
292,105029102RR0001,WWW.STLAWRENCEVALLEYCEMETERY.CA,Valid,,,,,
293,105029763RR0001,WWW.TADH.COM,Valid,,,,,
294,105164800RR0001,WWW.TELAIDE.ORG,Valid,,,,,
295,105169759RR0001,TEMABEX.QC.CA,Valid,,,,,
296,105194609RR0001,WWW.THEATRELALICORNE.COM,Valid,,,,,
297,105194872RR0001,WWW.UBUCC.CA,Valid,,,,,
298,105198873RR0001,STRAFFORDFOUNDATION.ORG,Invalid,,,,,
299,105200430RR0001,WWW.PSSAW.ORG,Valid,,,,,
300,105201156RR0001,WWW.CJNS.ORG,Valid,,,,,
301,105201479RR0001,WWW.CTHR-MCDP.COM,Valid,,,,,
302,105202501RR0001,WWW.CEDARS.CA,Valid,,,,,
303,105206353RR0001,WWW.CVHFOUNDATION.CA,Valid,,,,,
304,105210017RR0001,WWW.THEELIJAHMINISTRIES.COM,Valid,,,,,
305,105212229RR0001,WWW.NARAYEVER.CA,Valid,,,,,
306,105215024RR0001,WWW.GLEBECENTRE.CA,Valid,,,,,
307,105221907RR0001,WWW.ROBARTS.CA,Valid,,,,,
308,105225395RR0001,WWW.BOLERMOUNTAIN.COM,Valid,http://www.facebook.com/bolermountain,,http://www.twitter.com/bolermountain,https://www.youtube.com/embed/18e0jgqkoSQ,
309,105240485RR0001,WWW.SHEPHERDVILLAGE.ORG,Valid,,,,,
310,105248256RR0001,WWW.ROM.ON.CA,Invalid,,,,,
311,105250955RR0001,KINGVIEW.ORG,Invalid,,,,,
312,105254122RR0001,WWW.TCMS.CA,Valid,,,,,
313,105255152RR0001,WWW.TORONTOCONSORT.ORG,Valid,http://www.facebook.com/pages/Toronto-ON/The-Toronto-Consort/155552007809,,,http://www.youtube.com/thetorontoconsort,
314,105255178RR0001,WWW.EVANGELTEMPLE.CA,Valid,,,,,
315,105260525RR0001,WAG.CA,Valid,http://www.facebook.com/home.php#!/pages/Winnipeg-Art-Gallery/201997979832748,,,http://www.youtube.com/winnipegartgallery1,
316,105260673RR0001,WWW.WSO.CA,Valid,https://www.facebook.com/WinnipegSymphony,,,http://www.youtube.com/user/WinnipegSymphony,
317,105261341RR0001,WWW.WRITERSUNION.CA,Valid,,,,https://www.youtube.com/watch?v=QCpApSWyods&amp;feature=youtu.be,
318,105278352RR0001,WWW.TBSASA.ORG,Valid,,,,,
319,105329957RR0001,WWW.TOUCHSTONEJOURNAL.CA,Valid,,,,,
320,105330146RR0001,WWW.TOUJOURSENSEMBLE.ORG,Valid,,,,,
321,105428023RR0001,WWW.DAWSONHEIGHTS.CA,Invalid,,,,,
322,105454482RR0001,WWW.UWPETERBOROUGH.CA,Valid,http://www.facebook.com/home.php?#/pages/Peterborough-ON/United-Way-of-Peterborough-District/15103169591?ref=mf,,,http://www.youtube.com/watch?v=7ULxgbddOPw&feature=youtu.be,
323,105454508RR0001,CKL.UNITEDWAY.CA,Valid,,,,,
324,105459325RR0001,WWW.CIUT.FM,Valid,https://www.facebook.com/pages/CIUT-895-FM/22289674168,,,http://www.youtube.com/user/CIUTFM,
325,105526248RR0001,WWW.COMMUNITY-CARE.ON.CA,Valid,https://www.facebook.com/pages/Community-Care-City-of-Kawartha-Lakes/394930010651859?ref=ts&amp;fref=ts,,,,
326,105559157RR0001,WWW.CENTREVOX.CA,Valid,https://www.facebook.com/pages/VOX-centre-de-limage-contemporaine/404656406248267,,,,
327,105627103RR0001,WWW.WESTBROADWAYCM.ORG,Valid,http://www.facebook.com/pages/West-Broadway-Community-Ministry/371335372968391,,,,
328,105629497RR0001,www.familysupportbc.com,Valid,https://www.facebook.com/familysupportinstitute,,,https://www.youtube.com/user/FamilySupportBC,
329,105637268RR0001,WWW.WESTERNGRAINS.COM,Valid,,,,http://www.youtube.com/watch?v=6x32QUYo4Go?width=640&amp;height=480,
330,105645212RR0001,WWW.WESTISLANDCOLLEGE.AB.CA,Invalid,,,,,
331,105674147RR0001,WHITNEYCHILDCENTRE.COM,Valid,,,,,
332,105712996RR0001,WWW.WINNIPEGFILMGROUP.COM,Valid,https://www.facebook.com/WinnipegFilmGroup,,,,
333,105713093RR0001,WWW.WHRC.CA,Invalid,,,,,
334,105713119RR0001,GBOFFICE@WSD7.ORG,Invalid,,,,,
335,105771703RR0001,WWW.YORKCARECENTRE.CA,Valid,http://www.facebook.com/yorkcarefoundation,,,,
336,105774632RR0001,WWW.YABS.AB.CA,Valid,http://www.facebook.com/youngalbertabooksociety,,http://www.twitter.com/YABStweet,,
337,105776959RR0001,WWW.YOUTHEATRE.CA,Valid,https://www.facebook.com/YoutheatreMontreal,,,,
338,105782429RR0001,WWW.YYZARTISTSOUTLET.ORG,Valid,http://www.facebook.com/yyzartistsoutlet,,,,
339,106679087RR0001,www.abbeydale.org,Valid,,,,,
340,106679319RR0001,www.abbyfree.com,Valid,,,,,
341,106680085RR0001,WWW.ABERDEENEMC.CA,Valid,,,,,
342,106680366RR0001,WWW.OMIAP.ORG,Valid,http://www.facebook.com/pages/Missionary-Oblates-of-Mary-Immaculate-Assumption-Province/120508691448736,,,http://www.youtube.com/user/assumptionprov,
343,106680861RR0001,WWW.ABUNDANTLIFECHAPEL.CA,Valid,,,,,
344,106680952RR0001,WWW.YRAP.ca,Valid,,,,,
345,106682024RR0001,WWW.ACCESSCOMMUNITY.CA,Valid,,,,,
346,106682107RR0001,WWW.CACEE.COM,Valid,,http://www.linkedin.com/groups?home=&gid=882447,,,
347,106682263RR0001,HTTP://WWW.GLOBETROTTER.NET/CEPSAA/,Invalid,,,,,
348,106682636RR0001,WWW.ACEFMONTEREGIE-EST.COM,Invalid,,,,,
349,106683436RR0001,WWW.ACSMLSJ.CA,Valid,,,,,
350,106684533RR0001,WWW.LINKS2CARE.CA,Valid,,,,,
351,106685613RR0001,WEB.ME.COM/ADMASTON,Valid,,,,,
352,106685712RR0001,WWW.ADMUSEUM.NS.CA,Valid,,,,,
353,106686959RR0001,WWW.AENONBAPTISTCHURCH.CA,Valid,,,,,
354,106687452RR0001,WWW.WORKERSHEALTHCENTRE.CA,Valid,,,,,
355,106687858RR0001,WWW.AGASSIZCHRISTIANSCHOOL.COM,Valid,,,,,
356,106688377RR0001,WWW.AGEOPPORTUNITY.MB.CA,Valid,,,,,
357,106688641RR0001,WWW.AGINCOURTCOMMUNITYSERVICES.COM,Valid,https://www.facebook.com/AgincourtCommunityServices,http://www.linkedin.com/company/agincourt-community-services-association?trk=cp_followed_name_agincourt-community-services-association,,,
358,106689847RR0001,WWW.AIDSTHUNDERBAY.ORG,Valid,,,,,
359,106689896RR0001,WWW.AIDSVANCOUVER.ORG,Valid,http://www.facebook.com/aidsvancouver,,http://www.twitter.com/aidsvancouver,,
360,106690258RR0001,WWW.AKCS.COM,Valid,,,,,
361,106690597RR0001,WWW.AJAXBAPTIST.CA,Valid,,,,,
362,106690670RR0001,WW.CL-APW.ORG,Invalid,,,,,
363,106690936RR0001,akalisingh-sikhsociety.ca/,Valid,,,,,
364,106692320RR0001,WWW.FMAQ.CA,Valid,,,,,
365,106692361RR0001,HTTP://PAACL.CA,Valid,,,,,
366,106692833RR0001,WWW.CHAAA.AB.CA,Valid,,,,,
367,106692841RR0001,WWW.ACSTA.AB.CA,Invalid,,,,,
368,106693039RR0001,WWW.THEATREALBERTA.COM,Valid,,,,,
369,106693047RR0019,WWW:COLLEGEHEIGHTSCHURCH.COM,Invalid,,,,,
370,106693047RR0021,WWW.CORALWOOD.COM,Valid,,,,,
371,106693047RR0035,WWW.COLLEGEHEIGHTSCHRISTIANCHAD.CA,Invalid,,,,,
372,106693047RR0040,CWAA.NET,Valid,https://www.facebook.com/ChinookWindsAdventistAcademy,,,,
373,106694102RR0001,HTTP://WWW.APHA.AB.CA,Valid,,,,,
374,106694284RR0001,WWW.ALBERTASEVENTHSTEP.COM,Valid,,,,,
375,106696271RR0001,www.aahamilton.org/,Valid,,,,,
376,106696784RR0001,WWW.ALDERWOODUC.CA,Valid,https://www.facebook.com/pages/Alderwood-United-Church/517863964961417?fref=ts,,,,
377,106697675RR0001,WWW.ALEXANDRAHOSPITAL.ON.CA,Valid,,,,,
378,106697709RR0001,WWW.AMGH.CA,Valid,,,,,
379,106699374RR0001,WWW.ALGOMAFAMILYSERVICES.ORG,Valid,,,,,
380,106699416RR0001,WWW.COMMUNITYLIVINGALGOMA.ORG,Valid,,,,,
381,106700172RR0001,WWW.MOSAICMINISTRIES.CA,Valid,,,,,
382,106701931RR0001,WWW.LARONGEALLIANCE.CA,Invalid,,,,,
383,106702046RR0001,WWW.ALLIANCEFRANCAISE.CA,Valid,http://www.facebook.com/afvancouver,,,,
384,106702053RR0001,WWW.AFCALGARY.CA,Valid,https://www.facebook.com/pages/Alliance-Fran%C3%A7aise-de-Calgary/122780681081274?ref=stream,,,,
385,106702251RR0001,FEDERATIONCJA.ORG,Valid,http://www.facebook.com/federationcja,,http://www.twitter.com/federationcja,http://www.youtube.com/federationcja,
386,106702475RR0001,WWW.ALLISTONALLIANCE.ORG,Valid,,,,,
387,106702509RR0001,WWW.ALLISTONCCS.CA,Valid,https://www.facebook.com/pages/Alliston-Community-Christian-School/218714398301041,,,,
388,106702590RR0001,WWW.ALLNATIONSCRC.ORG,Valid,,,,,
389,106702764RR0001,WWW.ALLSAINTSWHITBY.ORG,Valid,,,,,
390,106702780RR0001,WWW.ALLSAINTSCOLLINGWOOD.COM,Valid,,,,,
391,106702806RR0002,WWW.ALLSAINTSWINDSOR.CA,Valid,,,,,
392,106702970RR0002,WWW.ALLSAINTSHUNTSVILLE.CA,Valid,,,,http://www.youtube.com/watch?v=lBH-aDA_aBc,
393,106703101RR0001,WWW.ALLSAINTSLUTHERAN.COM,Valid,,,,,
394,106704125RR0001,www.alphastoneham.com/,Valid,https://www.facebook.com/AlphaStoneham,,,,
395,106704174RR0001,WWW.ALPINECHURCHOFGOD.COM,Valid,,,,,
396,106704570RR0001,www.also-ottawa.org/,Valid,http://www.facebook.com/alsoOTTAWA,,,,
397,106704620RR0001,www.alternativesforwomen.org/,Valid,,,,,
398,106704752RR0001,WWW.ALTONAMENNONITECHURCH.CA,Valid,,,,,
399,106705262RR0001,WWW.ALZHEIMERTORONTO.ORG,Valid,http://www.facebook.com/alzheimertorontopswcommunity,http://www.linkedin.com/company/alzheimer-society-of-toronto?trk=hb_tab_compy_id_3053788,,https://www.youtube.com/user/alzheimertoronto,
400,106705403RR0001,WWW.ALZHEIMER.CA/ALGOMA,Valid,http://www.facebook.com/AlzheimerSocietyofOntario,,,http://www.youtube.com/thealzheimersociety,
401,106706047RR0001,www.amata.ca/,Valid,,,,,
402,106706203RR0001,www.afccanada.org,Valid,https://www.facebook.com/afccanada,,,,
403,106709454RR0001,www.anchor-association.com/,Valid,,,,,
404,106710965RR0001,WWW.AFCHILDCARE.ON.CA,Valid,,,,http://www.youtube.com/watch?v=Xvo5PgEmSWU,
405,106712706RR0001,HTTP://WWW.PARISHOFRICHMOND.CA,Valid,,,,,
406,106712797RR0002,WWW.STSTEPHENSLONDON.COM,Invalid,,,,,
407,106712912RR0001,www.diohuron.org/what/diocesan_ministries/ACW.php,Invalid,,,,,
408,106713183RR0001,WWW.ANYTIMEASSISTANT.CA,Invalid,,,,,
409,106713266RR0001,WWW.APOCM.ORG,Valid,,,,,
410,106713290RR0001,WWW.ESTEVANANGLICAN.COM,Valid,http://https://www.facebook.com/groups/74442487843/,,,,
411,106713365RR0001,www.anglicanparishofgrandmanan.ca/,Invalid,,,,,
412,106713753RR0001,PROVBCYANCLIGAN.CA,Invalid,,,,,
413,106713753RR0002,WWW.APCIONLINE.CA,Valid,,,,,
414,106713753RR0011,STJOHNQUESNEL.CM,Invalid,,,,,
415,106714637RR0001,HTTPS://SITES.GOOGLE.COM/SITE/TRINITYANNANUNITEDCHURCH/,Invalid,,,,,
416,106714793RR0001,WWW.MACDONALDMUSEUM.CA,Valid,,,,,
417,106715485RR0001,www.annemurraycentre.com/,Valid,,,,,
418,106716459RR0001,www.anolachapel.ca,Valid,,,,,
419,106716467RR0001,WWW.ENTRAIDEPASSERELLE.ORG,Valid,,,,,
420,106716525RR0001,WWW.WCSWR.ORG,Valid,,,,,
421,106717317RR0001,AGECIP.CA,Invalid,,,,,
422,106717382RR0001,WWW.LIVINGWAY.CA,Valid,http://www.facebook.com/livingway.oliver,,,,
423,106718489RR0001,www.aplacetoplaynurseryschool.com,Invalid,,,,,
424,106718919RR0001,WWW.APPLEBYCHURCH.CA,Valid,,,,,
425,106718968RR0001,BRYAN YAGER,Invalid,,,,,
426,106718984RR0001,www.nsnet.org/appletreelanding/,Valid,,,,,
427,106719016RR0001,www.applewoodpreschool.ca/,Invalid,,,,,
428,106719495RR0001,ARABCOMMUNITYCENTRE.COM,Valid,https://www.facebook.com/pages/Arab-Community-Centre-of-Toronto-Youth-Services/215428068547833,,,,
429,106719917RR0001,WWW.THEOBC.ORG,Valid,,,,,
430,106720055RR0001,WWW.CAMPENCOUNTER.COM,Invalid,,,,,
431,106720378RR0001,QVSS@QVSS.ON.CA,Valid,https://www.facebook.com/pages/Quinte-Vocational-Support-Services/291338324296619?fref=ts,,,,
432,106720428RR0001,WWW.CL-ATIKOKAN.CA,Valid,https://www.facebook.com/pages/Community-Living-Atikokan/202225946481010?ref=tn_tnmn,,,,
433,106720717RR0001,www.ardenchurch.com/,Valid,,,,,
434,106721434RR0001,www.armadalefmc.com/,Valid,,,,,
435,106721806RR0001,WWW.ARMOURHEIGHTS.ORG,Valid,,,,,
436,106721921RR0001,WWW.KINDALE.NET,Valid,https://www.facebook.com/Kindale.Okanagan,,,http://www.youtube.com/user/Kindaleokanagan,
437,106722630RR0001,WWW.ARNAUDCHURCH.CA,Valid,,,,,
438,106722978RR0001,WWW.ARNPRIORHOSPITAL.COM,Valid,,,,,
439,106723000RR0001,www.arnweb.com/afprc/,Valid,,,,,
440,106723042RR0001,WWW.CSSAGENCY.CA,Valid,,,,,
441,106723141RR0001,www.arrabonhouse.org/,Valid,,,,,
442,106723273RR0001,ALHS-ARCHIVES.COM,Invalid,,,,,
443,106723331RR0001,arrowsmithlodge.ca/,Valid,,,,,
444,106723588RR0002,WWW.ARTGALLERYOFHAMILTON.COM,Valid,https://www.facebook.com/artgalleryofhamilton,,,,
445,106725237RR0001,www.ascensionlutheran.ca/contact.htm,Valid,,,,,
446,106725260RR0001,WWW.ALCHURCH.CA,Valid,,,,,
447,106726920RR0001,ACSMMONTREAL.QC.CA,Valid,https://www.facebook.com/ACSM.Montreal?ref=hl,,http://www.twitter.com/acsmmtl,,
448,106727118RR0001,WWW.EVEILDESBASQUES.ORG,Valid,,,,,
449,106727308RR0001,APHV02.QC.CA,Valid,,,,,
450,106727423RR0001,WWW.AMOURVIE.ORG,Valid,,,,,
451,106727431RR0001,www.assembleechretiennedesherbrooke.org/,Valid,,,,,
452,106727464RR0001,WWW.ECEM.CA,Valid,,,,,
453,106727589RR0001,www.lumieredusoir.ca/,Valid,,,,,
454,106727688RR0001,WWW.FCCHURCH.CA,Invalid,,,,,
455,106727787RR0001,WWW.AHAMAURICIE.ORG,Valid,,,,,
456,106727829RR0001,WWW.FIREATAAC.ORG,Valid,,,,,
457,106727837RR0001,www.johnxxiii.ca/,Valid,,,,,
458,106728116RR0001,WWW.ASSISTANCEAUXFEMMES.CA,Valid,,,,,
459,106728322RR0001,WWW.HAABF.ORG,Valid,,,,,
460,106728413RR0001,W.AHACN.ORG,Invalid,,,,,
461,106728439RR0001,WWW.RPHPRT.COM,Valid,,,,,
462,106728488RR0001,WWW.AFMRC.GC.CA,Invalid,,,,,
463,106728918RR0001,WWW.HOMEBRIDGEYOUTH.CA,Valid,,,,,
464,106729288RR0001,www.associatedhebrewschools.com/,Valid,,,,,
465,106730229RR0001,WWW.ALDI1959.COM,Valid,https://www.facebook.com/pages/Aldi1959/381062655279547,,,,
466,106730278RR0001,WWW.SOCIETEDESOINSPALLIATIFS.COM,Valid,,,,,
467,106730336RR0001,WWW.ATDQUARTMONDE.CA,Valid,,,,,
468,106730575RR0001,ACPQ.NET,Valid,,,,,
469,106730799RR0001,www.asrsq.ca,Valid,,,,,
470,106731839RR0001,WWW.FVCHS.BC.CA,Invalid,,,,,
471,106731946RR0001,www.envisioncl.com,Valid,,,,,
472,106731961RR0001,WWW.COMMUNITYLIVINGWINNIPEG.COM,Valid,http://www.facebook.com/cl.winnipeg,,,,
473,106732027RR0001,WWW.AFCE.QC.CA,Valid,http://www.facebook.com/home.php?#!/pages/Sherbrooke-QC/Association-forestiere-des-Cantons-de-lEst/323523098443?ref=ts,,,,
474,106732092RR0001,WWW.CONNECTSOCIETY.ORG,Valid,https://www.facebook.com/connectsocietyedmonton,,,http://www.youtube.com/user/ConnectSociety50,
475,106732274RR0001,WWW.GFGSRN.ORG,Valid,https://www.facebook.com/pages/Les-Grands-Fr%C3%A8res-Grandes-Soeurs-en-Abitibi-T%C3%A9miscamigue/140139406073031?ref=hl#!/pages/Les-Grands-Fr%C3%A8res-Grandes-Soeurs-en-Abitibi-T%C3%A9miscamigue/140139406073031,,,,
476,106732779RR0001,WWW.AFMC.CA,Valid,,,,,
477,106732969RR0001,WWW.ANHBC.ORG,Valid,http://www.facebook.com/pages/Association-of-Neighbourhood-Houses/148894038481998,,,,
478,106733264RR0001,ASSOCIATIONLAROSEBLEUE.COM,Valid,,,,,
479,106733280RR0001,WWW.ASPQ.ORG,Valid,,,,,
480,106733413RR0001,www.aqg-quebec.org,Valid,http://www.facebook.com/#!/AQG.Quebec,,,http://www.youtube.com/watch?feature=player_embedded&amp;v=KGD-7M7iYzs,
481,106733462RR0001,WWW.AQPPT.ORG,Valid,,,,,
482,106733496RR0001,WWW.AQPAMM.CA,Valid,,,,,
483,106733884RR0001,WWW.AIFA.CA,Valid,,,,,
484,106734072RR0001,DIABETESAGUENAY.ORG,Valid,https://www.facebook.com/pages/DiabÃ¨te-Saguenay/115056211863643?fref=ts,,,http://www.youtube.com/channel/UCgh3vNvJE4dMIIFIqs4_ZUw,
485,106734429RR0001,WWW.ZLM.QC.CA,Valid,,,,,
486,106734460RR0001,WWW.ARLPHM.QC.CA,Invalid,,,,,
487,106735384RR0001,WWW.ATELIERDEMUSIQUE.QC.CA,Valid,,,,,
488,106735400RR0001,WWW.ARTB.CA,Valid,,,,,
489,106735459RR0001,WWW.ATELIERVIEILLESFORGES.QC.CA,Invalid,,,,,
490,106735525RR0001,ATELIERLEFILDARIANE.ORG,Valid,,,,,
491,106735830RR0001,WWW.ATHABASCAU.CA,Valid,,,,,
492,106735962RR0001,WWW.NOTREDAME.CA,Valid,http://www.facebook.com/pages/Athol-Murray-College-of-Notre-Dame-The-Official-ND-site/48128406910#!/pages/Athol-Murray-College-of-Notre-Dame-The-Official-ND-site/48128406910?v=wall,,,http://www.youtube.com/watch?v=dgnid7moqLo&feature=player_embedded,
493,106736101RR0001,WWW.ATIRA.BC.CA,Valid,,,,,
494,106736150RR0001,WWW.CANDALLU.CA,Invalid,,,,,
495,106736390RR0001,WWW.APEC-ECON.CA,Valid,,,,,
496,106737836RR0001,AUGSBRAM.CA,Valid,,,,,
497,106738446RR0001,WWW.AURORANURSERYSCHOOL.CA,Invalid,,,,,
498,106738503RR0001,WWW.FAITH-BAPTIST-AURORA.ORG,Valid,,,,,
499,106738974RR0001,WWW.AUTISMRESOURCECENTRE.COM,Valid,,,,,
500,106739907RR0001,WWW.AVENUEII.COM,Valid,,,,,
501,106740905RR0001,JUSTFOLKS1.WORDPRESS.COM,Valid,,,,,
502,106740939RR0001,AYLMERCRC.ORG,Valid,,,,,
503,106740954RR0001,WWW.SYMMES.CA,Valid,,,,,
504,106771710RR0001,WWW.BMM.ORG,Valid,,,,,
505,106773393RR0001,WWW.BARRHEADALLIANCECHURCH.COM,Valid,,,,,
506,106773542RR0001,WWW.FERRISLANECOMMUNITYCHURCH.CA,Valid,,,http://www.twitter.com/FerrisLnChurch,,
507,106773716RR0001,WWW.LIBRARY.BARRIE.ON.CA,Valid,https://www.facebook.com/barriepubliclibrary,,,http://www.youtube.com/barrielibrary,
508,106774250RR0001,WWW.BMOORE.ON.CA,Valid,,,,,
509,106774342RR0001,WWW.BBAHS.ORG,Valid,,,,,
510,106774995RR0001,WWW.BHLC.CA,Valid,,,,,
511,106775778RR0001,WWW.BATHURSTUNITED.CA,Valid,,,,,
512,106776040RR0001,AGSOCIETY.COM,Valid,https://www.facebook.com/pages/Battlefords-Agricultural-Society/113736988690080?fref=ts,,,,
513,106777063RR0001,WWW.BAYSIDECAMP.ORG,Valid,http://www.facebook.com/BaysideCamp,,http://www.twitter.com/baysidecamp,,
514,106777220RR0001,WWW.BVBC.CA,Invalid,,,,,
515,106777444RR0001,WWW.BAYVIEWUBC.COM,Invalid,,,,,
516,106777873RR0001,WWW.COURTHOUSELIBRARY.CA,Valid,,,,,
517,106778079RR0001,BCFOSTERPARENTS.CA,Valid,,,,,
518,106778129RR0001,WWW.BCSSVICTORIA.CA,Valid,http://www.facebook.com/BCSchizophreniaSocietyVictoria,,,http://www.youtube.com/user/bcssprov#p/f,
519,106778434RR0001,WWW.BCITSA.CA,Valid,https://www.facebook.com/BCITSA,http://www.linkedin.com/groups?home=&gid=3167652&trk=anet_ug_hm,,http://www.youtube.com/user/bcitsa,
520,106778780RR0001,WWW.PARENTSUPPORTBC.CA,Valid,https://www.facebook.com/ParentSupportBC,,,,
521,106779606RR0001,WWW.BEACHCORNERCHURCH.COM,Valid,,,,,
522,106779622RR0001,WWW.BEACHESCHURCH.ORG,Valid,,,,,
523,106779663RR0001,WWW.BEACHVILLEDISTRICTMUSEUM.CA,Invalid,,,,,
524,106779770RR0001,WWW.BEACONLEARNINGCENTRE.COM,Valid,,,,,
525,106779879RR0001,WWW.BEACONUNITED.ORG,Valid,,,,,
526,106779937RR0001,BEAMSVILLECOOP.ORG,Invalid,,,,,
527,106779960RR0001,WWW.PROGRESSIVEACADEMY.CA,Valid,http://www.facebook.com/pages/Progressive-Academy/178409648877068,,,,
528,106780109RR0001,BEARSPAWLC.CA,Valid,,,,,
529,106780711RR0001,WWW.NEEPAWA.CA/MUSEUM/,Invalid,,,,,
530,106780745RR0001,WWW.BEAUTIFULSAVIOR.CA,Valid,,,,,
531,106780844RR0001,BEPLAYSCHOOL.CA,Valid,,,,,
532,106780851RR0001,WWW.BEAVERBROOKARTGALLERY.ORG,Valid,,,,,
533,106781164RR0001,WWW.BEAVERVALLEYPRESCHOOL.COM,Invalid,,,,,
534,106781883RR0001,www.beendigen.com,Valid,,,,,
535,106782642RR0002,WWW.BELLACOOLAMUSEUM.CA,Valid,,,,,
536,106782956RR0001,FIRSTADVENTURE.CA,Valid,,,,,
537,106783053RR0001,WWW.BELLEVILLELIBRARY.COM,Valid,https://www.facebook.com/pages/Belleville-Public-Library-and-John-M-Parrott-Art-Gallery/219197338115817?v=info,,,,
538,106783343RR0001,WWW.BCUC.ORG,Valid,,,,,
539,106783483RR0001,WWW.BROOKSWOODBAPTIST.COM,Valid,,,,,
540,106785397RR0001,WWW.BFOTORONTO.CA,Valid,,,,,
541,106785546RR0001,PLUMCOULEEBERGTHALER.COM,Valid,,,,,
542,106787757RR0001,WWW.BETHANIA.CA,Valid,,,,,
543,106787765RR0001,WWW.BETHANYBAPTISTCHURCH.CA,Valid,https://www.facebook.com/BethanyBaptistChurchOttawa?fref=ts,,,,
544,106787773RR0001,WWW.BETHANYCHURCHEASTYORK.COM,Valid,,,,,
545,106787823RR0001,WWW.GATEWAYCOMMUNITY.CA,Valid,,,,,
546,106787856RR0001,WWW.KINGSWOOD.EDU,Valid,https://www.facebook.com/kingswooduniversity,,,,
547,106787898RR0001,WWW.BETHANYCARE.COM,Valid,,,,,
548,106787963RR0001,WWW.BETHANYCRC.CA,Valid,,,,,
549,106788029RR0001,BETHANYHOMES.CA,Invalid,,,,,
550,106788037RR0001,WWW.BETHANYINDEPENDENTBAPTISTCHURCH.CA,Valid,,,,,
551,106788045RR0001,WWW.BETHANYLODGE.ORG,Valid,,,,,
552,106788060RR0001,WWW.BETHANYWOODSTOCK.CA,Valid,,,,,
553,106788318RR0001,WWW.BNUC.CA,Valid,http://www.facebook.com/pages/Bethany-Newton-United-Church/249120061798450?ref=tn_tnmn,,,,
554,106788409RR0001,WWW.BETHELKINGSTON.CA,Invalid,,,,,
555,106788482RR0001,BETHELBAPTISTSIMCOE.CA,Valid,,,,,
556,106788649RR0001,WWW.BETHELBIBLECAMP.COM,Valid,,,,,
557,106788722RR0001,WWW.BETHELBRANDON.CA,Valid,http://www.facebook.com/bethelbrandon,,http://www.twitter.com/BethelBrandon,,
558,106788847RR0001,WWW.MCSED.CA,Valid,https://www.facebook.com/MountainChristianSchool,,,,
559,106789175RR0001,WWW.BETHELALIVE.CA,Valid,https://www.facebook.com/groups/7462410428/,,,,
560,106789456RR0001,WWW.BETHELSARNIA.COM,Valid,,,,,
561,106789654RR0001,WWW.BETHELPRESBYTERIANCHURCH.CA,Invalid,,,,,
562,106789928RR0001,WWW.BETHESDABC.COM,Valid,,,,http://www.youtube.com/watch?v=06g6WAZCtsM&amp;feature=youtu.be,
563,106789993RR0001,HTTP//WWW.GEOCITIES.COM/BETHESDALUTHERANCHURCH,Invalid,,,,,
564,106790181RR0001,WWW.BETHJACOBSYNAGOGUE.CA,Valid,http://www.facebook.com/pages/Beth-Jacob-Synagogue/210522556195?ref=ts,,,,
565,106790413RR0001,WWW.BETHSHOLOM.NET,Valid,,,,,
566,106790421RR0001,WWW.BTIKVAH.CA,Valid,http://www.facebook.com/business/dashboard/,,,,
567,106790504RR0001,WWW.BETHZIONOSHAWA.COM,Valid,,,,,
568,106790819RR0001,WWW.BETTYEHYDE.COM,Valid,https://www.facebook.com/bettyehyde,,,,
569,106791171RR0001,WWW.BEULAH.CA,Valid,,,,,
570,106792120RR0001,WWW.BCMINTL.CA,Valid,https://www.facebook.com/pages/BCM-International-Canada-Inc/192826834250641?ref=stream,,,,
571,106792443RR0001,JOELLE THIVIERGE,Invalid,,,,,
572,106792575RR0001,WWW.BIBLIOLENNOXVILLELIBRARY.CA,Valid,,,,,
573,106792922RR0001,PETERBOROUGHBIGS.COM,Valid,,,,,
574,106792930RR0001,WWW.WEYBURNBIGBROBIGSIS.CA,Valid,http://www.facebook.com/bigbro.weyburn,,,,
575,106792989RR0001,WWW.CALLBIGBROTHERS.COM,Valid,http://www.facebook.com/pages/Big-Brothers-Big-Sisters-of-Hamilton-Burlington/114072371953909,,,,
576,106793110RR0001,WWW.BIGBROTHERSANDSISTERS.CA,Invalid,,,,,
577,106793144RR0001,WWW.BBBSSASKATOON.ORG,Valid,http://www.facebook.com/BBBSSaskatoon,,,,
578,106793151RR0001,WWW.BBBSSUDBURY.COM,Valid,http://www.facebook.com/pages/Big-Brothers-Big-Sisters-of-Greater-Sudbury/205147299501343?ref=ts,,,,
579,106793235RR0001,WWW.BIGBROTHERSBIGSISTERSHALIFAX.CA,Valid,http://www.facebook.com/BBBSHalifax,,,http://www.youtube.com/user/BBBSHalifax,
580,106793243RR0001,WWW.BIGBROTHERSBIGSISTERSFREDERICTON.CA,Valid,http://www.facebook.com/BigBrothersBigSistersOfFrederictonAndOromocto?ref=hl,,,,
581,106793342RR0001,WWW.BIGBROTHERSBIGSISTERS.CA/INNISFAIL,Valid,,,,,
582,106793433RR0001,WWW.BBBSOFPC.COM,Valid,http://www.facebook.com/login.php?next=http%3A%2F%2Fwww.facebook.com%2Fgroups%2Fbbbsofantigonish,,,,
583,106793573RR0001,WWW.BIGBROTHERSBIGSISTERS.CA/YARMOUTH,Valid,,,,,
584,106793581RR0001,WWW.MENTORINGWORKS.CA,Valid,http://www.facebook.com/pages/Big-Brothers-Big-Sisters-of-the-Fraser-Valley/100592263361434,,,,
585,106793680RR0001,BIGBROTHERSBIGSISTERS.CA/CRANBROOK,Invalid,,,,,
586,106793722RR0001,WWW.BIGBROTHERSVANCOUVER.COM,Valid,http://www.facebook.com/bigbrothersvancouver,,,http://www.youtube.com/watch?v=HmLvYB1pLPM,
587,106793771RR0001,WWW.BBBST.COM,Valid,http://www.facebook.com/BigBrothersBigSistersToronto,http://www.linkedin.com/company/big-brothers-big-sisters-of-toronto,http://www.twitter.com/BBBSToronto,http://www.youtube.com/user/bike4tykes/videos,
588,106793862RR0001,WWW.BBBSINNIAGARA.CA,Valid,https://www.facebook.com/pages/Big-Brothers-Big-Sisters-of-South-Niagara-Inc/164631610261579?ref=hl,,,,
589,106793888RR0001,WWW.BBBSY.CA,Valid,http://www.facebook.com/pages/Big-Brothers-Big-Sisters-of-York/103378726420471#%21/pages/Big-Brothers-Big-Sisters-of-York/103378726420471?sk=wall,,http://www.twitter.com/BBBSYork,,
590,106793938RR0001,WWW.BBBSANNAPOLISVALLEY.CA,Valid,https://www.facebook.com/pages/Big-Brothers-Big-Sisters-of-the-Annapolis-Valley/156240117789331?sk=page_getting_started#%21/pages/Big-Brothers-Big-Sisters-of-the-Annapolis-Valley/156240117789331?sk=wall,,,,
591,106794084RR0001,WWW3.SK.SYMPATICO.CA/BIGMUSGA,Invalid,,,,,
592,106794431RR0001,WWW.BBBSO.CA,Valid,https://www.facebook.com/BBBSO,,,http://www.youtube.com/channel/UCgQ-4kxZKd-JfU9nWKoN5Rw?feature=watch,
593,106794548RR0001,WWW.BIGWINNIPEG.COM,Valid,https://www.facebook.com/pages/Big-Brothers-Big-Sisters-of-Winnipeg/189313732189?ref=tn_tnmn,,,,
594,106795891RR0001,WWW.BIRCHBAYRANCH.COM,Valid,http://www.facebook.com/groups/141321109220502/,,,,
595,106796535RR0001,WWW.UBISHOPS.CA,Valid,,,,,
596,106797749RR0001,BLENHEIMUNITEDCHURCH.COM,Valid,,,,,
597,106797863RR0001,STARLIGHTCHRISTIANNURSERY.CA,Valid,https://www.facebook.com/pages/Starlight-Christian-Nursery-School/195234970506201?fref=ts,,,,
598,106798424RR0001,BLOOMINGTONGOSPEL.COM,Valid,,,,,
599,106798457RR0001,BLOORDALE.CA,Valid,,,,,
600,106798549RR0001,WWW.BLOORSTREETUNITED.ORG,Valid,http://www.facebook.com/pages/Toronto-ON/Bloor-Street-United-Church/143945355646795?ref=ts,,,http://www.youtube.com/watch?v=FfvVG8J6fMg&feature=c4-overview-vl&list=PLQDu-SgFb3Rje5kcmscIE5azeHdBYY9e5,
601,106798804RR0001,BHSSA.COM,Valid,,,,,
602,106799067RR0001,WWW.BWRH.CA,Valid,,,,,
603,106799224RR0001,HTTP.//BLYTHWOOD@BLYTHWOOD.ORG,Invalid,,,,,
604,106799349RR0001,WWW.INTERSERVECANADA.ORG,Valid,,,,,
605,106799927RR0001,WWW.SD61.BC.CA,Valid,,,,,
606,106800709RR0001,HTTP://BMLIBRARY.CA,Valid,,,,,
607,106800857RR0001,WWW.THEGLANCE.ORG,Valid,,,,,
608,106803240RR0001,WWW.BOWCLIFFSENIORS.ORG,Valid,,,,,
609,106803406RR0001,WWW.BLUESATTHEBOW.COM,Invalid,,,,,
610,106803604RR0001,WWW.BOWNESSBAPTIST.COM,Invalid,,,,,
611,106803687RR0001,WWW.INDUSREC.CA,Valid,https://www.facebook.com/pages/Indus-Recreation-Center/166951140139043?fref=ts,,,,
612,106803745RR0001,WWW.ISLANDLAKECHRISTIANRETREATCENTRE.CA,Invalid,,,,,
613,106804032RR0002,WWW.BGCVIC.ORG,Valid,http://www.facebook.com/bgcvic,,,,
614,106804594RR0001,WWW.BGCKAMLOOPS.COM,Valid,,,,,
615,106804701RR0001,WWW.TURNINGPOINT.CA,Valid,https://www.facebook.com/TurningPointYouthServices,,,,
616,106805476RR0001,WWW.BRAGGCREEKCHURCH.CA,Valid,,,,,
617,106805880RR0001,WWW.BRAMPTONCALEDONCL.CA,Valid,https://www.facebook.com/BramptonCaledonCommunityLiving,,,,
618,106805989RR0001,WWW.BNRC.ORG,Valid,,,,,
619,106806060RR0001,WWW.BWACHURCH.COM,Invalid,,,,,
620,106806557RR0001,BGASPA.COM,Invalid,,,,,
621,106806573RR0001,WWW.YFC.CA,Valid,,,,,
622,106806789RR0001,WWW.BRANDONU.CA,Valid,http://www.facebook.com/brandonuni,http://www.linkedin.com/company/51014?trk=tyah,,,
623,106806854RR0001,ST-LEONARDS.COM,Valid,,,,,
624,106806979RR0001,WWW.BCHU.ORG,Valid,,,,,
625,106807126RR0001,WWW.CLBRANT.COM,Valid,,,,http://www.youtube.com/watch?v=XiOO20O_iGQ&feature=relmfu,
626,106807217RR0001,BRANTFORD.LIBRARY.ON.CA,Valid,http://www.facebook.com/pages/Brantford-Public-Library/112507975464133?v=wall,,,http://www.youtube.com/user/BrantfordLibrary,
627,106807290RR0001,WWW.BRANTUNITEDWAY.ORG,Valid,https://www.facebook.com/BrantUnitedWay,,,,
628,106807324RR0001,WWW.BRANTWOOD.CA,Valid,,,,,
629,106807464RR0001,WWW.CAPESOCIETY.CA,Valid,,,,,
630,106808462RR0001,WWW.BRESCIA.UWO.CA,Valid,http://www.facebook.com/BresciaUniversityCollege,http://www.linkedin.com/company/brescia-university-college,,http://www.youtube.com/watch?v=nGjXxM3_BuM,
631,106810195RR0001,BRIARWOODPRESBYTERIANCHURCH.CA,Valid,,,,,
632,106810591RR0001,WWW.BRIDGENORTHUC.COM,Valid,,,,,
633,106810757RR0001,WWW.BRIDGEWATERLEGION.CA,Valid,,,,,
634,106810815RR0001,WWW.BRIDGEWATERBAPTIST.COM,Valid,,,,,
635,106810955RR0001,WWW.CELEBRATENEWLIFE.NET,Invalid,,,,,
636,106811805RR0001,WWW.BCBC.CA,Valid,https://www.facebook.com/bcbaptistconference,,,,
637,106811896RR0001,WWW.BCFORESTMUSEUM.COM,Valid,,,,,
638,106811912RR0001,WWW.LANDSCAPESMAG.COM,Valid,,,,,
639,106812019RR0001,WWW.INCLUSIONBC.ORG,Valid,http://www.facebook.com/InclusionBC,,http://www.twitter.com,http://www.youtube.com/user/BCACL,
640,106812167RR0001,WWW.BCSAT.COM,Valid,http://www.facebook.com/ipower,,http://www.twitter.com/ipowerhosting,,
641,106812183RR0001,WWW.SPACECENTRE.CA,Valid,http://www.facebook.com/pages/Vancouver-BC/HR-MacMillan-Space-Centre/178662617057?ref=search&amp;sid=859405313.1791103633..1&amp;v=wall,,,http://www.youtube.com/user/MacMillanSpaceCentre,
642,106812233RR0001,WWW.BCTOURING.ORG,Valid,http://www.facebook.com/share.php?u=http%3A%2F%2Fbctouring.org%2F&amp;t=,,,,
643,106812597RR0001,WWW.BEFC.CA,Valid,,,,,
644,106812811RR0001,WWW.BROADWAYCHURCH.COM,Valid,,,,,
645,106813108RR0001,BACLA.CA,Valid,,,,,
646,106813157RR0001,WWW.CAREERSERVICES.CA,Valid,https://www.facebook.com/pages/Career-Services-of-Brockville/187144641330285?ref=hl,,,,
647,106813264RR0001,WWW.BROCKWES.COM,Valid,,,,,
648,106813389RR0001,WWW.BROKENHEADRIVERREGIONALLIBRARY.CA,Valid,,,,,
649,106813678RR0001,WWW.BROOKFIELDBAPTIST.CA,Valid,,,,,
650,106813876RR0001,WWW.BROOKSTOYLIBRARY.COM,Invalid,,,,,
651,106815137RR0001,WWW.BGCDSB.ORG,Valid,,,,,
652,106815368RR0001,WWW.BRUCEMINESANDPLUMMERLIBRARY.CA,Valid,,,,,
653,106816523RR0001,P.O. BOX 28,Invalid,,,,,
654,106817562RR0001,WWW.BOMICANADA.COM,Valid,,,,,
655,106818800RR0001,WWW.GEOCITIES.COM/NKLIBARYLEARNINGCENTRE,Invalid,,,,,
656,106818826RR0001,CLBURLINGTON.CA,Valid,https://www.facebook.com/pages/DSO-CWR-Halton-Region/330548647076009,,,,
657,106818909RR0001,WWW.ACCESSCOUNSELLING.CA,Valid,,,,,
658,106818925RR0001,BURLINGTONARTCENTRE.ON.CA,Valid,,http://www.linkedin.com/company/burlington-art-centre,,,
659,106818974RR0001,TCSONLINE.CA,Valid,,,,,
660,106819105RR0001,WWW.BURNABYARTSCOUNCIL.ORG,Valid,,,,,
661,106819196RR0001,WWW.BCPCHURCH.COM,Valid,,,,,
662,106819295RR0001,WWW.BHFOUNDATION.CA,Valid,http://www.facebook.com/pages/Burnaby-Hospital-Foundation/169508196398123,http://www.linkedin.com/company/burnaby-hospital-foundation,,http://www.youtube.com/bbyhospitalfdn,
663,106819477RR0001,WWW.BURNETT.COM,Valid,,,,,
664,106819691RR0001,HTTP://BURNSLAKE.BCLIBRARY.CA,Valid,,,,,
665,106819873RR0001,WWW.LJCHRISTMASMANOR.COM,Valid,,,,,
666,106820079RR0001,WWW.BURTONFGC.CA,Invalid,,,,,
667,106820822RR0001,WWW.BYRONUNITED.CA,Valid,,,,,
668,106821705RR0001,WWW.CAFCE.CA,Valid,,,,,
669,106829690RR0001,WWW.MISSIONOFMERCY.CA,Valid,http://www.facebook.com/momcanada,,,,
670,106829856RR0001,WWW.HALDNOR-COMMUNITYSUPPORT.CA,Valid,https://www.facebook.com/CommunitySupportCentreHN?ref=hl,,,,
671,106829948RR0001,WWW.CMOW.ORG,Valid,https://www.facebook.com/pages/Caledon-Meals-on-Wheels/186306238170055?ref=tn_tnmn,,,,
672,106830060RR0001,HTTP://DDRC.CA,Valid,http://www.facebook.com/DDRCCalgary?ref=hnav&amp;sk=wall,http://www.linkedin.com/company/ddrc_2,,https://www.youtube.com/DDRCCalgary,
673,106830078RR0001,CALGARYSELFHELP.COM,Valid,http://www.facebook.com/CalgaryAssociationofSelfHelp,,,,
674,106830169RR0001,WWW.CALGARYBOYSCHOIR.AB.CA,Invalid,,,,,
675,106830292RR0001,WWW.CULTURALCENTRE.CA,Valid,,,,,
676,106830326RR0001,NA,Invalid,,,,,
677,106830797RR0001,CJA.AB.CA,Invalid,,,,,
678,106830888RR0001,CMC@CALGARYMULTI.COM,Valid,http://www.facebook.com/calgarymulti,,,,
679,106831043RR0001,WWW.CALGARYQUESTSCHOOL.COM,Valid,https://www.facebook.com/CalgaryQuestSchool,,,,
680,106831118RR0004,WWW.CSSD.AB.CA,Valid,http://www.facebook.com/CalgaryCatholicSchoolDistrict,,http://www.twitter.com/CCSD_edu,,
681,106831290RR0001,WWW.PROSPECTNOW.CA,Valid,,,,,
682,106831712RR0001,WWW.CALVARYBAPTISTNS.COM,Valid,http://www.facebook.com/circleofprayer?ref=ts,,,,
683,106831746RR0001,WWW.CHOOSECALVARY.CA,Valid,,,,,
684,106831985RR0001,WWW.CALVARYSIOUXLOOKOUT.COM,Invalid,,,,,
685,106832298RR0002,CALVARYCRC.CA,Valid,,,,,
686,106832355RR0001,WWW.CALVARYCHURCHKENORA.BLOGSPOT.CA,Valid,http://www.facebook.com/business/dashboard/,,,,
687,106832405RR0001,WWW.CALVARYBARRIE.COM,Valid,,,,,
688,106832413RR0001,WWW.CCCYELLOWKNIFE.CA,Valid,,,,,
689,106832496RR0001,WWW.LEFREE.CA,Invalid,,,,,
690,106832504RR0001,WWW.CALVARYLUTHERAN.CA,Valid,,,,,
691,106832538RR0001,WWW.CGCWELLAND.COM,Valid,,,,,
692,106832611RR0001,CALVARYTHUNDERBAY.CA,Valid,,,,,
693,106832744RR0001,CPCONLINE.CA,Valid,,,,,
694,106832793RR0001,WWW.YOURMEETINGPLACE.CA,Valid,https://www.facebook.com/calvarychurchpeterborough?ref=hl,,http://www.twitter.com/calvary_ptb,,
695,106832868RR0001,WWW.FREEWEBS.COM/CALVARYPC,Valid,http://www.facebook.com/#!/groups/235845363144831/,,,http://www.youtube.com/user/wawachurch,
696,106833155RR0001,WWW.CALVARYUNITED.COM,Valid,http://www.facebook.com/http://www.facebook.com/group.php?gid=316384915633,,,,
697,106833312RR0001,WWW.CHATHAMCHRISTIAN.CA,Valid,https://www.facebook.com/pages/Chatham-Christian-School/473514572702801,,,,
698,106833379RR0001,WWW.WILLOWDALECHRISTIANSCHOOL.ORG,Valid,http://www.facebook.com/WillowdaleChristianSchool,,,,
699,106833437RR0001,WWW.CALVINHUNGARIAN.ORG,Valid,,,,,
700,106833478RR0001,HTTP:/MEMBERS.TELUS.NET,Invalid,,,,,
701,106833577RR0001,CALVINPRESBYTERIANCHURCH.CA,Valid,,,,,
702,106833585RR0001,WWW.GEOCITIES.COM/CALVINPC/,Invalid,,,,,
703,106833627RR0001,CALVINHALIFAX.CA,Valid,,,,,
704,106833643RR0001,WWW.CALVINUNITED.CA,Valid,,,,,
705,106834054RR0001,WWW.CAMBRIANPRESBYTERY.ORG,Valid,,,,,
706,106834120RR0001,WWW.CAMBRIDGECHRISTIANCENTRE.CA,Invalid,,,,,
707,106834138RR0001,CAMBRIDGE CHRISTIAN SCHOOL,Invalid,,,,,
708,106834211RR0001,WWW.COMMUNITYLIVINGCAMBRIDGE.CA,Valid,https://www.facebook.com/cambridgecommunitynetworks,,,,
709,106834377RR0001,WWW.CAMBRIDGELIBRARIES.CA,Valid,http://www.facebook.com/pages/Cambridge-Libraries-and-Galleries/161803547206997,,,,
710,106834864RR0001,WWW.CAMLACHIEUNITED.CA,Valid,,,,,
711,106835002RR0001,WWW.CENTENNIALDAYCARE.CA,Valid,,,,,
712,106835101RR0001,WWW.COMMUNITYLIVINGCAMPBELLFORD.COM,Valid,http://www.facebook.com/pages/Community-Living-CampbellfordBrighton/138575464839,,,,
713,106835259RR0001,ANNELMOREHOUSE.CA,Valid,,,,,
714,106835309RR0001,HTTP://WWW.CRCS.BC.CA,Invalid,,,,,
715,106835317RR0001,JESUSISTHEWAY.CA,Valid,,,,,
716,106835374RR0001,WWW.CRMUSEUM.CA,Valid,,,,,
717,106835515RR0001,WWW.GNB.CA  SEE REGIONS & LIBRARIES,Invalid,,,,,
718,106835879RR0001,WWW.CAMPHEE.ON.CA,Invalid,,,,,
719,106835960RR0001,WWW.CAMPKEIR.CA,Invalid,,,,,
720,106835986RR0001,WWW.MEDEBA.COM,Valid,,,,,
721,106836000RR0001,WWW.CAMPMUSICAL-SLSJ.QC.CA,Valid,http://www.facebook.com/pages/Camp-Musical-du-Saguenay-Lac-St-Jean/149673788376428?v=wall,,,,
722,106836083RR0001,WWW.CAMPPENIEL.CA,Valid,,,,,
723,106836141RR0002,WWW.CAMPTAPAWINGO.NET,Invalid,,,,,
724,106836331RR0001,WWW.ROCSOCIETY.CA,Valid,,,,,
725,106836372RR0001,WWW.HALEYSTREET.CA,Valid,http://www.facebook.com/group.php?gid=14148542343,,,,
726,106836471RR0001,WWW.CAMROSESENIORCENTRE.CA,Invalid,,,,,
727,106836554RR0001,HTTP://CPL.PRL.AB.CA,Valid,https://www.facebook.com/CamroseLibrary,,,http://www.youtube.com/playlist?list=PL37B25837CC2F3B24,
728,106836612RR0001,WWW.BRIGANTIAPLACE.ORG,Valid,,,,,
729,106836745RR0001,WWW.ATNAZALENE.ORG,Invalid,,,,,
730,106842057RR0001,WWW.MUSICOUNTS.CA,Valid,http://www.facebook.com/MusiCounts,,,http://www.youtube.com/user/MusiCounts,
731,106842362RR0001,WWW.CARC.ORG,Valid,https://www.facebook.com/pages/Canadian-Arctic-Resources-Committee/168782596508551,,,,
732,106842388RR0001,WWW.CARFAC.CA,Valid,https://www.facebook.com/pages/CARFAC-National/155665580277,,,,
733,106842529RR0001,NS-SNIS.CA\SEARCH/VIEW/PORGANIZATION,Invalid,,,,,
734,106842537RR0001,WWW.HALIFAXACL.COM,Valid,,,,,
735,106842545RR0001,CACL.CA,Valid,http://www.facebook.com/#!/pages/Canadian-Association-for-Community-Living/124559550936620,,,http://www.youtube.com/canadianacl,
736,106842586RR0001,WWW.CAPPE.ORG,Valid,,,,,
737,106842594RR0001,WWW.CLOVERDAL.BC.CA/PSCC,Invalid,,,,,
738,106842867RR0001,WWW.CASLPA.CA,Valid,http://www.facebook.com/sac.oac,http://www.linkedin.com/groups/SAC-Members-4226965/about,http://www.twitter.com/SAC_OAC,https://www.youtube.com/channel/UCmg6LP26_eRR72hBEFfnRug,
739,106842891RR0001,HTTP.//CAGACG.CA,Invalid,,,,,
740,106843055RR0001,WWW.CANAUTHORS.ORG,Valid,,,,,
741,106843436RR0001,WWW.CBMIN.ORG,Valid,https://www.facebook.com/cbmin.org,,,,
742,106843477RR0001,WWW.BASEBALLHALLOFFAME.CA,Valid,http://www.facebook.com/pages/Canadian-Baseball-Hall-of-Fame-and-Museum/135326447763,,,,
743,106843550RR0001,WWW.SBCMTL.COM,Valid,http://www.facebook.com/bibleseries,,http://www.twitter.com/bibleseries,,
744,106843717RR0001,WWW.CHOG.CA,Valid,,,,,
745,106844053RR0001,WWW.CBIE-BCEI.CA,Valid,,,,,
746,106844244RR0001,WWW.CELIAC.CA,Valid,,,,,
747,106844251RR0001,WWW.CFCCREATES.COM,Valid,http://www.facebook.com/cfccreates,,,http://www.youtube.com/user/CanadianFilmCentre,
748,106844335RR0001,WWW.CCCF-FCSGE.CA,Valid,,,,,
749,106844517RR0001,WWW.BROADCASTING-HISTORY.CA,Valid,,,,,
750,106844640RR0001,WWW.CCSB.CA,Valid,,,,,
751,106844822RR0001,WWW.CENTREFORDIVERSITY.CA,Valid,http://www.facebook.com/home.php?#!/pages/Canadian-Centre-for-Diversity/366835165323?ref=search,,,,
752,106844863RR0001,WWW.CCCC.ORG,Valid,https://www.facebook.com/CCCCCharities,http://www.linkedin.com/company/canadian-council-of-christian-charities,,,
753,106844996RR0001,WWW.CANADIANCRAFTSFEDERATION.CA,Valid,,,,,
754,106845100RR0001,WWW.CYSTICFIBROSIS.CA,Valid,http://www.facebook.com/CysticFibrosisCanada,,,http://www.youtube.com/CysticFibrosisCanada,
755,106845159RR0001,WWW.CDBAONTARIO.COM,Valid,http://www.facebook.com/cdbaontario,,http://www.twitter.com/CDBAOntario,,
756,106845175RR0001,WWW.DEAFBLIND.NB.CA,Invalid,,,,,
757,106845969RR0001,WWW.FOCUSONTHEFAMILY.CA,Valid,http://www.facebook.com/pages/Focus-on-the-Family-Canada/55795218809,,,,
758,106845993RR0001,MARK@CFHOF.CA,Valid,https://www.facebook.com/CFHOFandM,,,http://www.youtube.com/user/CFHOFandM,
759,106846371RR0001,WWW.CHRCRM.ORG,Valid,https://www.facebook.com/pages/Canadians-for-Health-Research/300688209959308,,,,
760,106846462RR0001,WWW.RESPONSIBLEGAMBLING.ORG,Valid,,,,https://www.youtube.com/user/RGCouncilCanada,
761,106846553RR0001,WWW.SCHIZOPHRENIA.CA,Valid,http://www.facebook.com/pages/Schizophrenia-Society-of-Canada/197088263635191,,http://www.twitter.com/SchizophreniaCa,,
762,106846819RR0001,WWW.GUIDEDOGS.CA,Valid,,,,,
763,106846926RR0001,WWW.CHS.CA,Valid,,,,,
764,106846942RR0001,WWW.HEARTANDSTROKE.CA,Valid,http://www.facebook.com/heartandstroke,,,http://www.youtube.com/heartandstrokefdn,
765,106846983RR0001,WWW.HEMOPHILIABC.CA,Valid,,,,,
766,106846991RR0001,WWW.HEMOPHILIAMB.CA,Valid,http://www.facebook.com/pages/Canadian-Hemophilia-Society-Manitoba-Chapter/186587534783298,,http://www.twitter.com/HemophiliaMB,http://www.youtube.com/user/hemophiliamb,
767,106861511RR0001,RADIATIONSAFETY.CA,Valid,https://www.facebook.com/pages/Radiation-Safety-Institute-of-Canada/143472245714096,http://www.linkedin.com/company/radiation-safety-institute-of-canada,,http://www.youtube.com/user/RSICanada,
768,106861529RR0001,WWW.CIAJ-ICAJ.CA,Valid,http://www.facebook.com/ciaj-icaj,http://www.linkedin.com/company/ciaj-icaj?trk=nav_account_sub_nav_company_admin,http://www.twitter.com/ciaj_icaj,http://www.youtube.com/user/ciajicaj,
769,106861586RR0001,WWW.CICH.CA,Valid,,,,,
770,106861610RR0001,OPENCANADA.ORG,Valid,https://www.facebook.com/CanadianInternationalCouncil,http://www.linkedin.com/groupsDirectory?itemaction=mclk&anetid=2092334&impid=&pgkey=anet_search_results&actpref=anetsrch_name&trk=anetsrch_name&goback=%2Egdr_1323112665161_1,,http://www.youtube.com/user/onlinecicvideos,
771,106861628RR0001,WWW.CANADIANINSTITUEOFISLAMICSTUDIES&MUSLIMIMMIGRANTSAIDS,Invalid,,,,,
772,106861883RR0001,WWW.VCN.BC.CA/OUTLOOK,Invalid,,,,,
773,106862949RR0001,WWW.LIVER.CA,Valid,http://www.facebook.com/pages/Canadian-Liver-Foundation/6584473365,,,,
774,106862998RR0001,WWW.LUNG.CA,Valid,https://www.facebook.com/canadianlungassociation,,,,
775,106863038RR0001,WWW.CLWR.ORG,Valid,http://www.facebook.com/CanadianLutheranWorldRelief,,,http://www.youtube.com/user/CLWRvideo,
776,106863137RR0001,RCMSAR.COM,Valid,http://www.facebook.com/rcmsar,,http://www.twitter.com/RCM_SAR,http://www.youtube.com/rcmsar,
777,106863293RR0001,WWW.MEDICALERT.CA,Valid,http://www.facebook.com/medicalertCanada/,,http://www.twitter.com/medicalertCA/,http://www.youtube.com/medicalertCA/,
778,106863319RR0001,WWW.UTORONTO.CA/CIMS,Invalid,,,,,
779,106863392RR0001,WWW.KELOWNA.CMHA.BC.CA,Valid,http://www.facebook.com/pages/Canadian-Mental-Health-Association-Kelowna-Branch/116536968385138?ref=ts,http://www.linkedin.com/company/canadian-mental-health-association?trk=fc_badge&quot;&gt;&lt;img src=&quot;http://static01.linkedin.com/scds/common/u/img/webpromo/btn_cofollow_badge.png&quot; locale=&quot;en&quot; alt=&quot;Canadian Mental Health Association on LinkedIn&quot;,http://www.twitter.com/cmhakelowna,,
780,106863475RR0001,WWW.CMHAHRB.CA,Valid,https://www.facebook.com/pages/CMHA-Halton-Region-Branch/486797331441060?ref=hl,,,,
781,106863574RR0001,WWW.HASTINGS-CMHA.ORG,Valid,,,,,
782,106863657RR0001,WWW.CMHA.CA,Valid,http://www.facebook.com/CANMentalHealth,,,http://www.youtube.com/user/cmhanational,
783,106863665RR0001,WWW.ONTARIO.CMHA.CA,Valid,https://www.facebook.com/cmha.ontario,,,http://www.youtube.com/cmhaontario,
784,106863673RR0001,HTTP://WWW.LONDON.CMHA.CA,Valid,http://www.facebook.com/cmhamiddlesex,,,,
785,106863681RR0001,WWW.CMHAFF.CA,Valid,,,,,
786,106863780RR0001,WWW.CMHANL.CA,Valid,https://www.facebook.com/pages/Canadian-Mental-Health-Association-Newfoundland-and-Labrador-Division/247087668665555,,,http://www.youtube.com/user/cmhanational,
787,106863889RR0001,PETERBOROUGH.CMHA.ON.CA,Valid,http://www.facebook.com/pages/Canadian-Mental-Health-Association-Peterborough-Branch/148148298570293?fref=ts,,,,
788,106863905RR0001,RICHMOND.CMHA.BC.CA,Valid,http://www.facebook.com/pages/Pathways-CMHA-Richmond/296063863778071,,,,
789,106863939RR0001,SM.CMHA.CA,Valid,http://www.facebook.com/pages/Canadian-Mental-Health-Association-SudburyManitoulin/158447204219439,,,http://www.youtube.com/CMHASudbury,
790,106863947RR0001,CMHACT.CA,Valid,,,,,
791,106863954RR0001,WWW.VB.CMHA.BC.CA,Valid,http://www.facebook.com/#!/pages/CMHA-Vancouver-Burnaby/107162322658562,,,,
792,106864010RR0002,WWW.CMHAFO.CA,Invalid,,,,,
793,106864036RR0001,WWW.CMHA-WECB.ON.CA,Valid,,,,,
794,106864044RR0001,WWW.CMHASK.COM,Valid,https://www.facebook.com/pages/Canadian-Mental-Health-Association-Saskatchewan-Division/255440253328,,,,
795,106864143RR0001,WWW.NORTHWESTVANCOUVER.CMHA.BC.CA,Valid,http://www.facebook.com/pages/Canadian-Mental-Health-Association-North-West-Vancouver-Branch/188289007869427,,,,
796,106864218RR0001,SACREDHEARTCANADA.COM,Valid,,,,,
797,106864242RR0001,WWW.THECHURCHOFGOD.CC,Valid,,,,,
798,106864242RR0003,WWW.CHURCHOFGODHAMILTON.CA,Invalid,,,,,
799,106864242RR0004,WWW.THECHURCHOFGOD.CC,Invalid,,,,,
800,106864242RR0013,WWW.THECHURCHOFGOD.CC,Valid,,,,,
801,106864242RR0015,CHILLIWACKCHURCHOFGOD.COM,Valid,,,,,
802,106864325RR0001,WWW.MOTHERCRAFT.COM,Valid,,,,,
803,106864358RR0001,WWW.CANADIANFLIGHT.ORG,Valid,http://www.facebook.com/CanadianMuseumOfFlight,,http://www.twitter.com/#!/CanadianFlight,http://www.youtube.com/user/CanadianFlight?feature=mhee,
804,106864374RR0001,WWW.MUSEUMS.CA,Valid,http://www.facebook.com/pages/Canadian-Museums-Association-Association-des-mus%C3%A9es-canadiens/174930255876885,,http://www.twitter.com/musecdn,http://www.youtube.com/museumsdotca,
805,106865165RR0001,WWW.CPF.BC.CA,Valid,http://www.facebook.com/CanadianParentsforFrenchBCYT,,,,
806,106865173RR0001,WWW.CPFMB.COM,Valid,,,,,
807,106865199RR0001,WWW.CPFNS.EDNET.NS.CA,Valid,http://www.facebook.com/CPF.NS,,,,
808,106865231RR0001,WWW.CPFSASK.COM,Valid,http://www.facebook.com/pages/Canadian-Parents-for-French-Saskatchewan/212835396141,,,,
809,106865272RR0001,WWW.CPAWS.ORG,Invalid,,,,,
810,106865611RR0001,WWW.CPS-ECP.CA,Valid,,,,,
811,106865744RR0001,WWW.CPHA.CA,Valid,http://www.facebook.com/cpha.acsp,,,,
812,106865835RR0001,WWW.RAMGARHIABC.COM,Valid,,,,,
813,106865884RR0001,HTTP://ORANGEVILLECHURCH.CA,Valid,,,,,
814,106866098RR0001,WWW.JUBILEECHURCH.CA,Valid,,,,,
815,106866155RR0001,EBENEZERSCHOOL.COM,Valid,,,,,
816,106866163RR0001,WWW.CREDOCES.ORG,Valid,,,,,
817,106866312RR0001,COVENANTSCHOOL.CA,Valid,,,,,
818,106866387RR0001,WWW.COVENANTTEACHERSCOLLEGE.COM,Valid,,,,,
819,106866411RR0001,WWW.EASTERSEALS.NB.CA,Valid,http://www.facebook.com/pages/Easter-Seals-New-Brunswick/246795441998452,,,,
820,106866478RR0001,WWW.REVIVALFELLOWSHIP.COM,Valid,,,,,
821,106866544RR0001,WWW.ISFMENTALHEALTH.ORG,Valid,https://www.facebook.com/isf,,,,
822,106866577RR0001,WWW.C-S-M-.PRG,Invalid,,,,,
823,106866718RR0001,WWW.HOSPITALWITHAHEART.CA,Valid,https://www.facebook.com/shaare.zedek.5,,,http://www.youtube.com/user/SZWebsite,
824,106866874RR0001,WWW.CSSE-SCEE.CA,Valid,,,,,
825,106866932RR0001,WWW.CSFS.CA,Valid,,,,,
826,106867260RR0001,WWW.CTF.CA,Invalid,,,,,
827,106867609RR0001,WWW.CAUC.CA,Valid,http://www.facebook.com/#!/pages/Canadian-University-College/44745296545,,,http://www.youtube.com/cucvideos,
828,106868474RR0001,WWW.CUC.CA,Invalid,,,,,
829,106868599RR0001,WWW.WARPLANE.COM,Valid,https://www.facebook.com/CanadianWarplaneHeritageMuseum,,,http://www.youtube.com/user/CdnWarplaneHeritage,
830,106868755RR0001,WWW.CWF-FCF.ORG,Valid,,,,,
831,106868847RR0001,WWW.YFCCANADA.COM,Valid,,,,,
832,106868854RR0001,WWW.4-H-CANADA.CA,Valid,http://www.facebook.com/pages/Canadian-4-H-Council/75583490004,,,http://www.youtube.com/4hcanada,
833,106870983RR0001,WWW.CBFELLOWSHIP.CA,Valid,,,,,
834,106871122RR0001,WWW.CBRL.CA,Valid,http://www.facebook.com/pages/Cape-Breton-Regional-Library/296649443707,,,,
835,106871361RR0001,WWW.CAPILANOU.CA,Valid,http://www.facebook.com/capilanou/,,https://www.twitter.com/capilanou/,http://www.youtube.com/user/CapilanoUniversity/,
836,106871411RR0001,WWW.CAPSERVICES.CA,Valid,,,,,
837,106873649RR0001,WWW.CAMPTRAPPING.COM,Valid,,,,,
838,106874399RR0001,WWW3.SYMPATICO.CA/CMUC,Invalid,,,,,
839,106874670RR0001,WWW.CARLINGTON.OCHC.ORG,Valid,,,,,
840,106875495RR0001,CARMANUNITEDCHURCH.COM,Valid,,,,,
841,106877897RR0001,WWW.CARSTAIRSUNITEDCHURCH.CA,Valid,https://www.facebook.com/UnitedChurchCda,,,http://www.youtube.com/unitedchurchofcanada,
842,106878275RR0001,WWW.CASCADEGOSPELCHAPEL.COM,Valid,,,,,
843,106878374RR0001,WWW.CASEYHOUSE.COM,Valid,http://www.facebook.com/pages/Casey-House-Toronto/111871308199,http://www.linkedin.com/company/casey-house-foundation,,http://www.youtube.com/caseyhousetv,
844,106879158RR0001,www.cataraquiregion.on.ca,Valid,https://www.facebook.com/CataraquiRegionCA,,,http://www.youtube.com/user/CataraquiRegionCA,
845,106879174RR0001,CATARAQUICHURCH.ORG,Valid,http://www.facebook.com/pages/Cataraqui-Church/231791460249136,,,http://www.youtube.com/user/cataraquichurch,
846,106879240RR0001,WWW.CATFISHCREEK.CA,Valid,https://www.facebook.com/pages/Springwater-Conservation-Area/101920189935483,,,,
847,106879505RR0002,STJOHNSCATHEDRAL.CA,Valid,,,,,
848,106879943RR0001,WWW.CATHOLICCHARITIESTOR.ORG,Valid,,,,,
849,106879950RR0001,WWW.RCAV.BC.CA,Invalid,,,,,
850,106880032RR0001,WWW.CCS-MONTREAL.ORG,Valid,,,,http://www.youtube.com/channel/UCSlZdslLG8cmtCqm_Es2ATQ,
851,106880073RR0015,WWW.HOLYFAMILYCHURCH.CA,Valid,,,,,
852,106880073RR0016,WWW.OLPHKAMLOOPS.CA,Valid,,,,,
853,106880073RR0018,WWW.STJOHNVIANNEYKAMLOOPS.CA,Valid,,,,http://www.youtube.com/watch?v=PuMhHqUfB0I,
854,106880073RR0024,WWW.WHISTLERCATHOLICCHURCH.CA,Valid,,,,,
855,106880073RR0026,WWW.WHISTLERCATHOLICCHURCH.CA,Invalid,,,,,
856,106880107RR0001,WWW.ANTIGONISHDIOCESE.COM,Valid,,,,,
857,106880107RR0013,WWW.CANSOPARISHES.ORG,Valid,,,,,
858,106880107RR0024,stmaryschurch.sytes.net,Valid,,,,,
859,106880107RR0030,WWW.STNINIANS.CA,Invalid,,,,,
860,106880107RR0046,WWW3.NS.SYMPATICO.CA/ST.ANTHONY,Invalid,,,,,
861,106880107RR0057,WWW.PARISHOFSAINTLEONARD.COM,Valid,,,,,
862,106880107RR0070,HTTP://STJOSEPH.111MB.COM,Valid,,,,,
863,106880107RR0071,WWW.STJOSEPHPARISH.COM,Valid,https://www.facebook.com/pages/Parish-Community-of-St-Joseph-Plymouth-New-Hope-MN/106269619429782,,,,
864,106880107RR0073,WWW.ANTIGONISHDIOCESE.COM,Valid,,,,,
865,106880107RR0079,WWW.STMARYSPOLISHPARISH.CA,Valid,,,,,
866,106880115RR0001,WWW.MOSAICONLINE.CA,Valid,https://www.facebook.com/MosaicCounselling,,,http://www.youtube.com/watch?v=ct9kO1K1aK4&amp;feature=youtu.be,
867,106880123RR0001,CATHOLICFAMILYCENTRE.CA,Valid,,,,,
868,106880214RR0001,WWW.CFSSASKATOON.SK.CA,Valid,,,,,
869,106880230RR0001,WWW.SFSHW.COM,Valid,,,,,
870,106880362RR0001,WWW.STMARYS-REDDEER.CA,Invalid,,,,,
871,106880487RR0001,LOUISE MOROZ EXECUTIVE DIRECTOR,Invalid,,,,,
872,106880883RR0001,WWW.CAUSEWAYWORKCENTRE.ORG,Valid,https://www.facebook.com/CausewayWork,,,http://www.youtube.com/user/causewayworkcentre,
873,106881139RR0001,WWW.JOBSTARTWORKS.ORG,Valid,,,,,
874,106881808RR0001,WWW.CAPEBRETONCRAFT.COM,Valid,https://www.facebook.com/capebretoncentreforcraftanddesign?ref=hl,,,http://www.youtube.com/watch?v=lyefixWIaYw,
875,106883333RR0001,CEDARPARKCHURCH.ORG,Valid,http://www.facebook.com/pages/Cedar-Park-Church/196504467060400,,,,
876,106883366RR0001,WWW.CEDARPARKUNITED.ORG,Valid,,,,,
877,106883416RR0001,WWW.CEDARSPRINGSPC.COM,Valid,,,,,
878,106883655RR0001,WWW.COLLEGEAHUNTSIC.QC.CA,Valid,,,,,
879,106883705RR0001,WWW.CDRUMMOND.QC.CA,Invalid,,,,,
880,106883747RR0001,WWW.CJONQUIERE.QC.CA,Valid,http://www.facebook.com/#!/pages/Jonquiere-QC/Cegep-de-Jonquiere/265653023793,,,http://www.youtube.com/user/cegepdejonquiere,
881,106883804RR0001,WWW.CLIMOILOU.QC.CA,Valid,http://www.facebook.com/cegeplimoilou,http://www.linkedin.com/company/cegeplimoilou,http://www.twitter.com/cegeplimoilou,https://www.youtube.com/webcegeplimoilou,
882,106883887RR0001,WWW.CEGEP-SEPT-ILES.QC.CA,Valid,,,,,
883,106883960RR0001,WWW.CEGEP-STE-FOY.QC.CA,Valid,,,,,
884,106883978RR0001,WWW.CEGEPSTH.QC.CA,Valid,https://www.facebook.com/cegepsth,,,http://www.youtube.com/cegepsth,
885,106884026RR0001,WWW.CGPVICTO.QC.CA,Valid,http://www.facebook.com/pages/Victoriaville-QC/Cegep-de-Victoriaville/106248356110862,http://www.linkedin.com/company/cegep-de-victoriaville ,,http://www.youtube.com/user/melissagosselin1,
886,106884075RR0001,WWW.CEGEPGARNEAU.CA,Valid,http://www.facebook.com/CegepGarneau,,,http://www.youtube.com/GarneauCegep,
887,106884117RR0001,HTTP://CLEVISLAUZON.QC.CA,Valid,http://www.facebook.com/cegeplevislauzon,,,http://www.youtube.com/channel/UCyr8b-88Qikqgw4QmoGBHdA,
888,106884141RR0001,WWW.CEGEP-RDL.QC.CA,Valid,http://www.facebook.com/pages/Riviere-Du-Loup-QC/Cegep-de-Riviere-du-Loup/312745115941,,,http://www.youtube.com/user/cgrdl,
889,106884190RR0001,WWW.CEGEPTR.QC.CA,Valid,https://www.facebook.com/cegeptr,http://www.linkedin.com/company/c-gep-de-trois-rivi-res?trk=hb_tab_compy_id_966685,,http://www.youtube.com/user/cegeptroisrivieres/,
890,106884679RR0001,WWW.CENTENARYUNITED.COM,Valid,http://www.facebook.com/pages/Hamilton-Conference/250727261668324,,,,
891,106884695RR0001,WWW.HARVESTYORKREGION.CA,Valid,http://www.facebook.com/HarvestYorkRegion?ref=sgm,,http://www.twitter.com/hbcyorkregion,http://www.youtube.com/HBCYorkRegion,
892,106885270RR0001,WWW.CENTRAIDELAURENTIDES.ORG,Valid,http://www.facebook.com/centraidelaurentides,,,http://www.youtube.com/user/centraidelaurentides,
893,106885312RR0001,WWW.CENTRAIDESAGLAC.CA,Valid,http://www.facebook.com/centraidesaglac,http://www.linkedin.com/company/centraide-saguenay-lac-saint-jean,http://www.twitter.com/centraidesaglac,http://www.youtube.com/embed/o6VW9_XiHd4?rel=0,
894,106885551RR0001,WWW.STONEYCREEKBAPTIST.COM,Valid,http://www.facebook.com/stoneycreekbaptistchurch,,,,
895,106885585RR0001,WWW.CENTRALBAPTIST.AB.CA,Valid,,,,,
896,106885767RR0001,WWW.BGC-CC.COM,Valid,,,,,
897,106887136RR0001,WWW.CLSA2.COM,Valid,,,,,
898,106887284RR0002,WWW.CNH.ON.CA,Valid,http://www.facebook.com/pages/Central-Neighbourhood-House/147806825236720,,,http://www.youtube.com/v/Cqp0u24xC-M?fs=1&amp;hl=en_US&amp;rel=0,
899,106887441RR0001,WWW.KELOWNAUNITEDWAY.COM,Valid,,,,,
900,106887490RR0002,WWW.LUBAVITCHBC.COM,Valid,,,,,
901,106887656RR0001,WWW.HORIZON.EDU,Valid,http://www.facebook.com/pages/Horizon-College-Seminary/182254321813848,,,http://www.youtube.com/user/HorizonCollegeSK?feature=watch,
902,106887706RR0001,CENTRALCHURCHHAMILTON.ON.CA,Valid,,,,,
903,106887722RR0001,WWW.EXECULINK.COM/~CPC97,Valid,,,,,
904,106887771RR0001,WWW.EARLYLEARNING.CA,Valid,,,,,
905,106887805RR0001,WWW.CALGARYAA.ORG,Valid,,,,,
906,106887979RR0001,PORTPERRYUNITED.COM,Valid,,,,,
907,106888746RR0001,WWW.CENTRALUNITEDBARRIE.CA,Valid,,,,,
908,106888928RR0001,WWW.VOLUNTEEROTTAWA.CA,Valid,,,,,
909,106889082RR0001,WWW.CAM.ORG/FOBAST/ACCALMIE,Invalid,,,,,
910,106889207RR0001,WWW.CALACSESTRIE.COM,Valid,https://www.facebook.com/calacs.delestrie?fref=ts,,,,
911,106889272RR0001,WWW.CADRE.QC.CA,Valid,,,,,
912,106889314RR0001,WWW.CENTRELEBEAUVOYAGE.ORG,Valid,,,,,
913,106889363RR0001,WWW.CBMANICOUAGAN.COM,Valid,http://www.facebook.com/CentreDeBenevolatManicouagan,,,,
914,106890312RR0001,www.leccfo.org,Valid,http://www.facebook.com/pages/Centre-culturel-francophone-de-lOkanagan/145114645558919?ref=hl,,,,
915,106890338RR0001,WWW.LECENTRECULTUREL.COM,Valid,,,,,
916,106890346RR0001,WWW.JCCCM.CA,Valid,,,,,
917,106892714RR0001,WWW.REGIONCOATICOOK.QC.CA/CAB/,Invalid,,,,,
918,106892730RR0001,WWW.CABQUEBEC.ORG,Valid,https://www.facebook.com/ideesmetisses,,,,
919,106893076RR0001,WWW.AXENE7.QC.CA,Invalid,,,,,
920,106893084RR0001,WWW.CENTREPREVILLE.COM,Valid,https://www.facebook.com/CentrePreville,,,,
921,106893159RR0001,WWW.ACTIONBENEVOLEBSL.ORG,Valid,,,,,
922,106893175RR0001,CABLAMICALE@TLB.SYMPATICO.CA,Valid,,,,,
923,106893340RR0001,WWW.CENTRECERAMIQUEBONSECOURS.NET,Valid,http://www.facebook.com/people/Centre-De-Ceramique-Bonsecours/100000202748270#!/profile.php?id=100000202748270,,,,
924,106893449RR0001,WWW.TIMMINSFAMILYCOUNSELLING.COM,Valid,http://www.facebook.com/pages/Timmins-Family-Counselling-CentreCentre-de-counselling-familial-de-Timmins/158370820939181?ref=hl,,,,
925,106893522RR0001,WWW.DARE-DARE.ORG,Valid,,,,,
926,106893530RR0001,WWW.SHPS.QC.CA,Valid,http://www.facebook.com/shpierre.de.saurel,,,,
927,106893605RR0001,CENTREDEFEMMESLAMOISSON.COM,Valid,,,,,
928,106893985RR0001,WWW.CENTREDELAFAMILLE.ORG,Valid,,,,,
929,106895840RR0001,WWW.INFO-REFERENCE.QC.CA,Valid,https://www.facebook.com/Centredereference,,,,
930,106895857RR0001,WWW.CENTREFEMMESROSEDESVENTS.CA,Valid,,,,,
931,106896020RR0001,www.csfestrie.qc.ca,Invalid,,,,,
932,106896244RR0001,VISUALARTSCENTRE.CA,Valid,,,,,
933,106896335RR0001,WWW.CSEP-HSF.ORG,Valid,,,,,
934,106896368RR0001,LINDA CORBEIL@SSSS.GOUV.QC.CA,Invalid,,,,,
935,106896681RR0001,CSTBEAUCE.COM,Valid,,,,,
936,106896830RR0001,WWW.CENTRELELAN.ORG,Valid,,,,,
937,106896848RR0001,WWW.LESEXTANT.COM,Valid,,,,,
938,106896947RR0001,WWW.FRANCALTA.AB.CA/CEP,Invalid,,,,,
939,106897812RR0001,CCSONLINE.CA,Valid,,,,,
940,106897853RR0001,WWW.EQUALITYRIGHTS.ORG/CERA,Invalid,,,,,
941,106897861RR0001,WWW.CILT.CA,Valid,,,,,
942,106897903RR0001,www.positiveliving.org,Valid,http://www.facebook.com/pages/Calgary-Centre-For-Spiritual-Living/118281408226163,,,,
943,106898372RR0001,WWW.IUGM.QC.CA,Valid,,,,,
944,106899263RR0001,WWW.SANTEMONTEREGIE.QC.CA,Valid,,,,,
945,106899461RR0001,CSSSRN.QC.CA,Valid,,,,,
946,106899776RR0001,CSSSMANICOUAGAN.QC.CA,Valid,,,,,
947,106899891RR0001,WWW.CIMEHAUTRICHELIEU.QC.CA,Valid,http://www.facebook.com/ajax/signup_dialog.php?page_id=116890041746430&next=http%3A%2F%2Fwww.facebook.com%2Fcimehautrichelieu2,,,,
948,106901804RR0001,WWW.COMSEP.QC.CA,Valid,,,,,
949,106901887RR0001,WWW.CPCQ.CA,Valid,,,,,
950,106902281RR0001,WWW.CENTREPSYCHOCOSOCIAL.CA,Invalid,,,,,
951,106902299RR0001,WWW.CQDA.ORG,Valid,,,,,
952,106902927RR0001,WWW.COMMUNITYOFHOPE.CA,Invalid,,,,,
953,106903040RR0001,WWW.PRH-QUEBEC-CANADA.COM/TERRENOUVELLE,Valid,,,,,
954,106903073RR0001,WWW.CENTRETOWNCHC.ORG,Valid,http://www.facebook.com/pages/Centretown-CHC-CSC-du-Centre-ville/251331481550083,,,,
955,106903263RR0001,WWW.CENTREVILLEBAPTIST.COM,Valid,,,,,
956,106903388RR0001,WWW.COMMUNITYRESOURCECENTRE.ORG,Valid,,,,,
957,106903396RR0001,CENTREWELLINGTONPRESCHOOL.COM,Invalid,,,,,
958,106903537RR0001,WWW.QEMA1978.COM,Valid,,,,,
959,106904196RR0001,WWW.CPNL.CA,Valid,http://www.facebook.com/share.php?u=http://cpnl.ca/find-a-good-realtor-in-pickering-ontario/,http://www.linkedin.com/shareArticle?mini=true&amp;url=http://cpnl.ca/find-a-good-realtor-in-pickering-ontario/,,,
960,106905110RR0001,WWW.RIDEAU-INFO.COM/LOCKHOUSE/,Invalid,,,,,
961,106907132RR0001,www.changingtogether.com,Valid,,,,,
962,106907439RR0001,WWW.FREEDOMVILLAGE.CA,Valid,,,,,
963,106908197RR0001,WWW.GROWINGLEADERSHIP.COM,Valid,http://www.facebook.com/WillowCanada?utm_source=Facebook&utm_medium=social&utm_term=glhome&utm_content=footerlink&utm_campaign=home,http://www.linkedin.com/company/the-leadership-centre-willow-creek-canada,,http://www.youtube.com/watch?v=_oTrWCTjtSQ,
964,106909971RR0001,WWW.CHARTWELLCHURCH.ORG,Valid,,,,,
965,106910490RR0001,BIGBROTHERSBIGSISTERSOFCHATHAM-KENT.COM,Valid,http://www.facebook.com/pages/Big-Brothers-Big-Sisters-of-Chatham-Kent/119136108197014,,http://www.twitter.com/bbbsck,,
966,106910516RR0001,WWW.FAMILYSERVICEKENT.COM,Valid,,,,,
967,106910540RR0001,WWW.CKWC.ORG,Invalid,,,,,
968,106911076RR0001,WWW.CHELSEACOOP.CA,Valid,https://www.facebook.com/chelsea.coopnurseryschool,,,,
969,106912058RR0001,WWW.CHESS.CA,Valid,https://www.facebook.com/pages/Chess-Federation-of-Canada/163031117086480,http://www.linkedin.com/groups?home=&amp;gid=3949499,,http://www.youtube.com/ChessCanada,
970,106913437RR0001,WWW.CDCYUKON.CA,Invalid,,,,,
971,106913502RR0001,WWW.CEFCANADA.ORG,Valid,,,,,
972,106913536RR0001,CEFSASK.ORG,Valid,,,,,
973,106913544RR0001,CEFONTARIO.ORG,Valid,https://www.facebook.com/pages/CEF Ontario/139808322733114,,,,
974,106913601RR0001,WWW.CHILDFIND.AB.CA,Valid,http://www.facebook.com/ChildFindAlberta,,,http://www.youtube.com/user/ChildFindAlberta/videos,
975,106913627RR0001,WWW.PROTECTCHILDREN.CA,Valid,http://www.facebook.com/pages/Canadian-Centre-for-Child-Protection/184856436064,,,http://www.youtube.com/user/ProtectChildrenCA,
976,106913742RR0001,WWW.CHILDREACH.ON.CA,Valid,http://www.facebook.com/profile.php?id=100000854276810,,,,
977,106913775RR0001,WWW.CHILDRENATRISK.CA,Valid, https://www.facebook.com/pages/Children-at-Risk/434404393312739?ref=ts&fref=ts,,,,
978,106913932RR0001,WWW.PARNIPCAS.ORG,Valid,,,,,
979,106914013RR0001,WWW.CASBRANT.CA,Valid,,,,,
980,106914104RR0001,WWW.CASOTT.ON.CA,Valid,http://www.facebook.com/pages/Childrens-Aid-Society-of-Ottawa/202374356452518,,,http://www.youtube.com/user/casott123,
981,106914179RR0001,WWW.CASSDG.CA,Valid,http://www.facebook.com/#!/pages/Childrens-Aid-Society-of-SDG/471747089515226,,,,
982,106914195RR0001,SIMCOECAS.COM,Valid,,,,,
983,106914252RR0001,WWW.FACSNIAGARA.ON.CA,Valid,,,,http://www.youtube.com/watch?v=aLP3pAfCHgo,
984,106914294RR0001,WWW.PEELCAS.ORG,Valid,,,,http://www.youtube.com/embed/29Xo7bUlAp0?autoplay=1,
985,106914369RR0001,WWW.ROCKONLINE.CA,Valid,http://www.facebook.com/pages/ROCK-Reach-Out-Centre-for-Kids/137305302952633?v=info,,,,
986,106914757RR0001,HNREACH.ON.CA,Valid,,,,,
987,106914880RR0001,WWW.CROWOEYC.COM,Valid,,,,,
988,106915259RR0001,WWW.CHILLIWACKARTSCOUNCIL.COM,Valid,https://www.facebook.com/ChilliwackArts,,,http://www.youtube.com/user/ChwkArtsCouncil?feature=mhum,
989,106915283RR0001,WWW.CHILLIWACKOPPORTUNITYSOCIETY.COM,Valid,,,,,
990,106915325RR0001,FIRSTAVE.ORG,Valid,,,,,
991,106915564RR0001,WWW.MCCCWEB.COM,Valid,,,,,
992,106915606RR0001,WWW.CHINESELIBRARY.ORG,Valid,,,,,
993,106915663RR0001,WWW.FCNABC.ORG,Valid,,,,http://www.youtube.com/watch?v=CsD_qu1GvlA,
994,106915671RR0001,FAMILLECHINOISE.QC.CA,Valid,,,,,
995,106915754RR0001,WWW.CHINESEOUTREACH.CA,Valid,http://www.facebook.com/pages/Chinese-Outreach-Edmonton/363739263507,,,,
996,106915804RR0001,WWW.TORONTOCPC.COM,Valid,http://www.facebook.com/torontocpc,,,,
997,106915812RR0001,WWW.VANCPC.CA,Valid,,,,,
998,106915861RR0001,WWW.CAREFIRSTSENIORS.COM,Valid,,,,,
999,106916224RR0001,WWW.CHINOOKLIBRARY.CA,Valid,,,,,
1000,106916380RR0001,WWW.CHIPPAWAPC.CA,Valid,,,,,
1001,106917040RR0001,CHOICESCHOOL.ORG,Valid,http://www.facebook.com/pages/Choice-School/157302764416275,,,,
1002,106917610RR0002,WWW.CHRISTCHURCHCHATHAM.CA,Valid,,,,,
1003,106917669RR0001,WWW.CAMPBELLFORDCHRISTCHURCH.COM,Valid,,,,,
1004,106917685RR0001,WWW.CHRISTCHURCHBOLTON.CA,Valid,,,,,
1005,106917693RR0001,CHRISTCHURCHWOODBRIDGE.COM,Valid,,,,,
1006,106917750RR0001,WWW.CHRISTCHURCH-ANGLICAN.CA,Valid,http://www.facebook.com/#!/ChristChurchFM,,,,
1007,106917875RR0001,PARISHCHURCH.CA,Valid,http://www.facebook.com/album.php?aid=32670&id=114666508578490,,,,
1008,106917958RR0001,WWW.CATHEDRAL.VANCOUVER.BC.CA,Valid,http://www.facebook.com/ChristChurchCathedralChoirVancouver?ref=ts,,,http://www.youtube.com/user/VancouverCathedral,
1009,106918006RR0001,WWW.CHRISTCHURCHUNITED.COM,Valid,,,,,
,,,,,,,,

