1,106917040RR0001,CHOICESCHOOL.ORG,Valid,http://www.facebook.com/pages/Choice-School/157302764416275,,,,
2,106917610RR0002,WWW.CHRISTCHURCHCHATHAM.CA,Valid,,,,,
3,106917669RR0001,WWW.CAMPBELLFORDCHRISTCHURCH.COM,Valid,,,,,
4,106917685RR0001,WWW.CHRISTCHURCHBOLTON.CA,Valid,,,,,
5,106917693RR0001,CHRISTCHURCHWOODBRIDGE.COM,Valid,,,,,
6,106917750RR0001,WWW.CHRISTCHURCH-ANGLICAN.CA,Valid,http://www.facebook.com/#!/ChristChurchFM,,,,
7,106917875RR0001,PARISHCHURCH.CA,Valid,http://www.facebook.com/album.php?aid=32670&id=114666508578490,,,,
8,106917958RR0001,WWW.CATHEDRAL.VANCOUVER.BC.CA,Valid,http://www.facebook.com/ChristChurchCathedralChoirVancouver?ref=ts,,,http://www.youtube.com/user/VancouverCathedral,
9,106918006RR0001,WWW.CHRISTCHURCHUNITED.COM,Valid,,,,,
10,106918022RR0001,WWW.UNITYHAMILTON.COM,Valid,http://www.facebook.com/unityhamilton,,,,
11,106918071RR0001,WWW.CCCNANAIMO.COM,Valid,,,,,
12,106918139RR0001,WWW.CHRISTLUTHERANAURORA.COM,Invalid,,,,,
13,106918147RR0001,WWW.CHRISTLUTHERAN-HORROW.COM,Invalid,,,,,
14,106918154RR0001,WWW.CHRISTWATERLOO.CA,Valid,http://www.facebook.com/group.php?gid=145414922198622,,,,
15,106918329RR0001,WWW.CBMCANADA.ORG,Valid,http://www.facebook.com/pages/cbm-Canada/101857609865125,,,http://www.youtube.com/user/cbmcanada,
16,106918352RR0001,WWW.700CLUB.CA,Valid,https://www.facebook.com/pages/700-Club-Canada/311900748837427,,,,
17,106918543RR0001,www.ccfcanada.ca,Valid,https://www.facebook.com/CCFC,,,http://www.youtube.com/YCCCC,
18,106918634RR0001,WWW.CHRISTIANCOUNSELLINGCENTRE.CA,Valid,https://www.facebook.com/pages/Christian-Counselling-Centre/474504405978501,,,,
19,106918790RR0001,WWW.VCRD.CA,Valid,,,,,
20,106918907RR0001,WWW.FLAMCF,Invalid,,,,,
21,106918923RR0001,WWW.CFCHAPEL.COM,Valid,,,,,
22,106919137RR0001,WWW.WELLINGSTONE.CA,Valid,,,,,
23,106919277RR0001,WWW.CLAWINNIPEG.ORG,Valid,,,,,
24,106919640RR0001,CRHM.ORG,Valid,,,,,
25,106920184RR0001,ANNA-BOWNESSPARK.CA,Valid,http://www.facebook.com/christiansciencebc.annabownesspark?sk=wall,,,,
26,106920283RR0001,WWW.LIVINGWORD.MB.CA,Valid,,,,,
27,106920309RR0002,WWW.CSSERVICES.CA,Valid,,,,,
28,106920416RR0001,MASKEPETOON.AB.CA,Valid,,,,,
29,106920424RR0001,WWW.IAWAH.COM,Valid,http://www.facebook.com/#!/pages/Camp-Iawah/204748062929150,,,,
30,106920440RR0001,WWW.CAMPNORTHERNLIGHTS.COM,Valid,,,,,
31,106921083RR0001,CHRISTLUTHERANCHURCH@MTS.NET,Valid,,,,,
32,106921133RR0001,WWW.CLCREGINA.COM,Valid,,,,,
33,106921174RR0002,WWW.CHRISTLUTHERANCHILLIWACK.COM,Invalid,,,,,
34,106921208RR0001,WWW.CHRISTMASCHEERBOARD.CA,Valid,https://www.facebook.com/CCBWPG,,,,
35,106921463RR0001,WWW.QUESTNET.CA,Valid,http://www.facebook.com/thequestcl,,http://www.twitter.com/QuestSummerCamp,http://www.youtube.com/channel/UCHrBmm4ARWl5-vpgbBcb1Ww,
36,106921976RR0001,WWW.CTKLCSURREY.COM,Valid,,,,,
37,106922099RR0001,WWW.CTKSCHOOL.CA,Valid,,,,,
38,106922131RR0001,WWW.CTKING.NET,Valid,,,,,
39,106923022RR0001,WWW.CHURCHINTHEOAKS.COM,Valid,,,,,
40,106923188RR0001,WWW.BEAMSVILLECHURCHOFCHRIST.CA,Valid,,,,,
41,106923212RR0001,STCATHARINESCOFC.CA,Valid,,,,,
42,106923253RR0001,WWW.BIBLE.CA,Valid,,,,,
43,106923782RR0001,WWW.CHURCHOFCHRISTHAMILTON.COM,Valid,,,,,
44,106924186RR0001,HTTP//SITES.GOOGLE.COM/SITE/THECARSTAIRSCHURCHOFGOD/,Invalid,,,,,
45,106924673RR0001,GEOCITIES.COM/OURLADYCH,Valid,,,,,
46,106924913RR0001,WWW.ST-ANDREW-ANGLICAN.CA,Valid,,,,,
47,106924962RR0001,WWW.SAINTAUGUSTINE.CA,Valid,,,,,
48,106924996RR0001,WWW.STBEDESANGLICAN.CA,Invalid,,,,,
49,106925209RR0002,WWW.STJOHNSNORWAY.ORG,Valid,,,,,
50,106925274RR0001,WWW.STJOHNANGLICAN-CALGARY.CA,Valid,,,,,
51,106925324RR0001,WWW.STLAURENCE.CA,Valid,,,,,
52,106925639RR0002,ASCENSIONWINDSOR.CA,Valid,,,,,
53,106925738RR0001,BLCFCHURCH.CA,Invalid,,,,,
54,106925779RR0001,WWW.GRACECHURCHSCARBOROUGH.COM,Valid,,,,,
55,106925829RR0002,WWW.GOODSHEPHERDCHRISTCHURCH.COM,Valid,https://www.facebook.com/groups/357083851061428,,,,
56,106925902RR0002,WWW.HOLY-SAVIOUR.ON.CA,Valid,,,,,
57,106926074RR0001,WWW.OXFORDNAZARENECHRUCH.CANADIANWEBS.CA,Invalid,,,,,
58,106926769RR0001,WWW.KINGSTONANGLICAN.COM,Invalid,,,,,
59,106926827RR0001,CHURCHOFTHEROCK.CA,Invalid,,,,,
60,106926892RR0001,WWW.JOHREI.COM,Valid,,,,,
61,106926967RR0001,QUEBEC.ANGLICAN.ORG,Valid,https://www.facebook.com/pages/Anglican-Diocese-of-Quebec/174486834962,,,,
62,106929110RR0001,WWW.CDAC.CA,Valid,http://www.facebook.com/circledrive,,,http://www.youtube.com/circledrivevideo,
63,106929177RR0001,WWW.SASKSYNOD.ELCIC.CA,Valid,,,,,
64,106929961RR0001,WWW.AIRDRIEPUBLICLIBRARY.CA,Valid,http://www.facebook.com/AirdriePublicLibrary,,,,
65,106930126RR0001,WWW.DUNCANMANOR.CA,Valid,,,,,
66,106930142RR0001,ESTEVANLIBRARY.WEEBLY.COM,Invalid,,,,,
67,106930555RR0001,WWW.THOMPSONLIBRARY.COM,Valid,http://www.facebook.com/Library.Thompson,,,,
68,106931546RR0001,HTTP://WWW.CLAIRLEAPARKPRESBYTERIAN.CA,Valid,,,,,
69,106931942RR0001,CLARENDONFOUNDATION.COM,Valid,,,,,
70,106932320RR0001,WWW.SUPPORTCAMH.CA,Valid,http://www.facebook.com/end.stigma,,http://www.twitter.com/endstigma,http://www.youtube.com/user/CAMHFoundation,
71,106932650RR0001,SHALOMMANOR.CA,Valid,,,,,
72,106934243RR0001,CLIFFCREST,Invalid,,,,,
73,106939861RR0001,WWW.CENTREINTERVAL.QC.CA,Valid,http://www.facebook.com/#!/pages/Centre-de-r%C3%A9adaptation-en-d%C3%A9ficience-physique-InterVal/159496947441455,,,,
74,106944978RR0001,WWW.YOUVILLE.CA,Valid,,,,,
75,106945363RR0001,CLOVERDALEUNITEDCHURCH.CA,Valid,https://www.facebook.com/CloverdaleUnitedChurch?ref=hl,,,http://www.youtube.com/user/CUChurch,
76,106945405RR0001,WWW.WESTWINDSCHURCH.COM,Valid,https://www.facebook.com/WestWindschurch,,,http://www.youtube.com/user/Westwindschurch,
77,106945827RR0001,CSSSDELAMONTAGNE.QC.CA,Valid,https://www.facebook.com/pages/CSSS-de-la-Montagne/149549071899549?fref=ts,http://www.linkedin.com,http://www.twitter.com,,
78,106949464RR0001,WWW.2TIERS.ORG,Valid,http://www.facebook.com/oxfamquebec,,http://www.twitter.com/oxfamquebec,http://www.youtube.com/oxfamquebec2,
79,106949845RR0001,WWW.HINCKSDELLCREST.ORG,Valid,http://www.facebook.com/pages/The-Hincks-Dellcrest-Foundation/255128254500066,,,http://www.youtube.com/thehincksdellcrest,
80,106950488RR0001,WWW.CCDONLINE.CA,Valid,,,,,
81,106950561RR0001,WWW.COASTALMISSIONS.CA,Valid,,,,,
82,106950710RR0001,WWW.HISTORICCOBALT.COM,Invalid,,,,,
83,106951270RR0001,WWW.COCHRANESTREETUC.COM,Valid,https://www.facebook.com/Cochranestreetuc,,,,
84,106951650RR0001,HTTP://COLBORNE711.ORG,Valid,,,,,
85,106951718RR0001,WW.CCWVOCATIONAL,Invalid,,,,,
86,106952153RR0001,HTTP://COLEHARBOURFARMMUSEUM.CA,Valid,http://www.facebook.com/ColeHarbourHeritageFarmMuseum,,,http://www.youtube.com/watch?v=nVJo9dAOpco&amp;feature=youtu.be,
87,106952195RR0001,WWW.COLEMANCHRISTIANASSEMBLY.ORG,Valid,,,,,
88,106952617RR0001,WWW.ORICOIN.CA/ACCOMPAGNANTES,Invalid,,,,,
89,106952633RR0001,WWW.COLLECTIFSANTE.ORG,Valid,,,,,
90,106952757RR0001,WWW.GRASSET.QC.CA,Valid,http://www.facebook.com/#!/pages/College-Andre-Grasset/107933412603527,,,,
91,106952856RR0001,WWW.CHAMPAGNEUR.QC.CA,Valid,,,,http://www.youtube.com/watch?v=qHsekI4adxQ,
92,106952864RR0001,WWW.CCLEMOYNE.EDU,Valid,,,,,
93,106952971RR0001,WWW.CEGEPGRANBY.QC.CA,Invalid,,,,,
94,106953011RR0001,WWW.COLLEGEDELEVIS.QC.CA,Valid,,,,,
95,106953029RR0001,WWW.CEGEPOUTAOUAIS.QC.CA,Valid,https://www.facebook.com/pages/C%C3%A9gep-de-lOutaouais-Page-officielle/148639948497211?fref=ts,,,http://www.youtube.com/CegepOutaouais,
96,106953078RR0001,WWW.CEGEP-SOREL-TRACY.QC.CA,Valid,https://www.facebook.com/cegepst,,,,
97,106953110RR0002,WWW.USTBONIFACE.CA,Valid,http://www.facebook.com/ustboniface,,,http://www.youtube.com/ustboniface,
98,106953235RR0001,WWW:COLLEGEDINA-BELANGER.QC.CA,Invalid,,,,,
99,106953250RR0001,COLLEGEDOMINICAIN.CA,Valid,https://www.facebook.com/pages/Coll%C3%A8ge-universitaire-dominicainDominican-University-College/63353836890?sk=info,,,,
100,106953268RR0001,WWW.COLLEGEDRIVE.CA,Valid,http://www.facebook.com/pages/College-Drive-Community-Church/198530644409,,,,
101,106953284RR0001,WWW.CSCOEUR.CA,Valid,https://www.facebook.com/CSCoeur?ref=ts,,,http://www.youtube.com/user/CSCSherbrooke,
102,106953300RR0001,WWW.COLLANAUD.QC.CA,Valid,,http://www.linkedin.com/company/cegeplanaudiere,http://www.twitter.com/cegeplanaudiere,http://www.youtube.com/user/Collanaud?feature=gb_p13n_ch_rec,
103,106953326RR0001,WWW.COLLEGE-FRANCOISDELAPLACE.QC.CA,Invalid,,,,,
104,106953342RR0001,www.mychbc.ca,Valid,,,,,
105,106953573RR0001,WWW.COLLEGEMATHIEU.SK.CA,Valid,http://www.facebook.com/CollegeMathieu,,,,
106,106953607RR0001,WWW.MONT.NOTRE-DAME.QC.CA,Invalid,,,,,
107,106953698RR0001,WWW.COLLEGENOTRE-DAME.QC.CA,Invalid,,,,,
108,106953722RR0001,CNDS.QC.CA,Valid,http://www.facebook.com/#!/collegeservite,,,http://www.youtube.com/user/CNDSvideo/,
109,106954126RR0001,WWW.CSH.QC.CA,Valid,,,,,
110,106954175RR0001,WWW.CSB.QC.CA,Valid,http://www.facebook.com/197067013638877/,,,https://www.youtube.com/watch?v=NoEbsQbhLN8,
111,106954217RR0001,WWW.LEADERCSA.COM,Valid,https://www.facebook.com/csa.collegedesainteanne,,,https://www.youtube.com/channel/UCWod8otgNLr-jIQfwXyz7SQ,
112,106954266RR0001,WWW/ST.JEAN-VIANNEY.QC.CA,Invalid,,,,,
113,106954290RR0001,WWW.COLLEGESTUNITED.ORG,Valid,,,,,
114,106954449RR0001,WWW.COLLINGWOODCRC.ORG,Invalid,,,,,
115,106954480RR0001,WWW1.E3.CA,Valid,,,,,
116,106954522RR0001,CGMH.ON.CA,Valid,http://www.facebook.com/CollingwoodGMHospital,http://www.linkedin.com/company/collingwood-general-and-marine-hospital,http://www.twitter.com/CollingwoodHosp,http://www.youtube.com/user/CollingwoodGMHosp,
117,106954993RR0001,WWW.COLUMBIABC.EDU,Valid,http://www.facebook.com/pages/Abbotsford-BC/Columbia-Bible-College/72495431763,,,http://www.youtube.com/user/ColumbiaBibleCo?feature=watch,
118,106955891RR0001,WWW.ALPHAPAPINEAU.ORG,Valid,,,,,
119,106957228RR0001,WWW.COMPOP.NET,Valid,https://www.facebook.com/Comite.populaire.SJB,,,,
120,106957343RR0001,WWW.COMITESOCIALCENTRESUD.ORG,Valid,,,,,
121,106960610RR0001,WWW.ERQ.QC.CA/STJEAN,Invalid,,,,,
122,106960651RR0001,www.paroisse-st-richard.org,Valid,,,,,
123,106960719RR0001,WWW.HCGM.ORG,Valid,http://www.facebook.com/share.php?u=<url>,,http://www.twitter.com/#!/TheHCGM,,
124,106961147RR0001,WWW.CACV.CA,Valid,https://www.facebook.com/CommunityArtsVancouver,,,http://www.youtube.com/user/CommunityArtsYVR/videos,
125,106961378RR0001,www.communitychurchofchrist.ca,Invalid,,,,,
126,106961477RR0001,WWW.THESUPPORTNETWORK.COM,Valid,http://www.facebook.com/thesupportnetwork,,,https://www.youtube.com/user/CrisisSupportCentre,
127,106961683RR0001,WWW.COMMUNITYCOUNCIL.CA,Valid,https://www.facebook.com/CommunitySocialPlanningCouncilVictoria?ref=ts&fref=ts,,,,
128,106962343RR0001,WWW.COMMUNITYGOSPELCHAPEL.COM,Valid,,,,,
129,106962707RR0001,WWW.CJIWR.COM,Valid,http://www.facebook.com/thejustcommunity,,http://www.twitter.com/ajustcommunity,,
130,106962764RR0001,WWW.CLASS.ON.CA,Valid,https://www.facebook.com/pages/Community-Living-Association-for-South-Simcoe-CLASS/400120446712712?ref=hl,,,,
131,106962772RR0001,WWW.CLCH.CA,Valid,,,,,
132,106962830RR0002,WWW.CLMISS.ON.CA,Invalid,,,,,
133,106962848RR0001,WWW.NTEC-NSS.COM,Valid,,,,,
134,106962889RR0001,WWW.CLRCS.COM,Valid,,,,,
135,106962897RR0001,WWW.COMMUNITYLIVINGSOCIETY.CA,Valid,,,,,
136,106962921RR0001,WWW.COMMUNITYLIVINGTIMMINS.COM,Valid,,,,,
137,106963317RR0001,WWW.COPACOMMUNITY.CA,Valid,,,,,
138,106963515RR0001,CRCM@NBNET.NB.CA,Valid,,,,,
139,106963739RR0001,CTSINC.MB.CA,Valid,,,,,
140,106963838RR0001,CYPHALTON.ORG,Valid,,,,,
141,106963895RR0001,COMOLAKEUNITEDCHURCH.COM,Invalid,,,,,
142,106963960RR0001,WWW.CPCLIFE.COM,Valid,https://www.facebook.com/photo.php?fbid=10152118366467981&amp;set=a.115244467980.95223.113472462980&amp;type=1&amp;relevant_count=1,,,,
143,106963994RR0001,WWW.COMOXUNITEDCHURCH.COM,Valid,,,,,
144,106964075RR0001,WWW.CVFSA.ORG,Invalid,,,,,
145,106966427RR0002,CONFEDERATIONC.ON.CA,Valid,,,,,
146,106966468RR0001,WWW.CONCORDIA.AB.CA,Valid,https://www.facebook.com/Concordia.University.College,,http://www.twitter.com/TheKingsUC,http://www.youtube.com/user/ConcordiaEdmonton,
147,106966518RR0001,WWW.CONCORDIAHOSPITAL.MB.CA,Valid,,,,,
148,106966559RR0001,WWW.CONCORDIALIVE.CA,Valid,https://www.facebook.com/ConcordiaLive,,,,
149,106966575RR0001,WWW.CONCORDIASEM.AB.CA,Valid,http://www.facebook.com/pages/Edmonton-AB/Concordia-Lutheran-Seminary/6689623438,,,,
150,106966591RR0001,www.concordia.ca,Valid,,,,,
151,106966799RR0001,WWW.CONESTOGAC.ON.CA,Valid,http://www.facebook.com/ConnectWithConestoga,http://www.linkedin.com/company/conestoga-college-institute-of-technology-and-advanced-learning,http://www.twitter.com/ConestogaC,http://www.youtube.com/user/conestogapolytechnic,
152,106967086RR0001,WWW.MENNONITECHURCH.CA,Valid,https://www.facebook.com/groups/mennonitechurchcanada/,,,http://www.youtube.com/mennonitechurchca,
153,106967094RR0001,WWW.MENNOCHURCH.MB.CA,Valid,,,,,
154,106967276RR0001,WWW.BETHORA.ORG,Valid,,,,,
155,106967706RR0001,WWW.CONGREGATIONHABONIM.ORG,Valid,,,,,
156,106968985RR0001,WWW.CULTUREMONTEREGIE.QC.CA,Valid,https://www.facebook.com/pages/Conseil-montÃ©rÃ©gien-de-la-culture-et-des-communications/179952732502,,,,
157,106969207RR0001,CCAT.QC.CA,Valid,http://www.facebook.com/pages/Conseil-de-la-culture-de-lAbitibi-Temiscamingue/290070211341,,,http://www.youtube.com/,
158,106969595RR0001,WWW.CSCCHARL.ORG,Valid,,,,,
159,106970247RR0001,HTTP://CSAP.EDNET.NS.CA,Valid,,,,,
160,106970288RR0001,HTTP://WWW.CGTSIM.QC.CA,Valid,,,,,
161,106971427RR0001,SAGAJEUNESSE.CA,Valid,https://www.facebook.com/centresagajeunesse,,,,
162,106971476RR0001,WWW.CONSUMERHEALTH.ORG,Valid,,,,,
163,106972250RR0001,WWW.AKINGSTONCHURCH.ORG,Valid,,,,,
164,106972326RR0001,CCHM.CA,Valid,,,,,
165,106972342RR0001,WWW.COOKSDAYCARE.CA,Valid,https://www.facebook.com/CooksSchoolDayCareInc,,,,
166,106973720RR0001,MPCF.COM,Valid,,,,,
167,106974066RR0001,WWW.PCILCPVA.ORG,Valid,,,,,
168,106974538RR0001,WWW.IRBMACEIO.COM.BR,Valid,,,,,
169,106974629RR0001,WWW.CORNERSTONECHRISTIANSCHOOL.CA,Valid,http://www.facebook.com/pages/Cornerstone-Christian-School/293343004056497,,,,
170,106974637RR0001,WWW.CORNERSTONE-CHURCH.CA,Valid,https://www.facebook.com/cornerstonechurchsk,,,,
171,106974975RR0001,TAGCORNWALL.CA,Valid,http://www.facebook.com/tagcornwall,,,http://www.youtube.com/TAGcornwall,
172,106975865RR0001,WWW.CULTURE-PATRIMOINE-DESCHAMBAULT-GRONDINES.CA,Valid,,,,,
173,106979271RR0001,WWW.LACHAMPENOISE.QC.CA,Valid,,,,,
174,106980105RR0001,WWW.BIBLRN.QC.CA,Valid,https://www.facebook.com/BibliRN,,,,
175,106980410RR0001,CPAETINCELLE.COM,Valid,,,,,
176,106983935RR0001,WWW.CHURCHONTHEQ.COM,Invalid,,,,,
177,106984081RR0001,LIBRARY.PENTICTON.BC.CA,Valid,,,,,
178,106986177RR0001,WWW.SMITHSFALLSLIBRARY.CA,Valid,,,,,
179,106987399RR0001,WWW.COSMOINDUSTRIES.COM,Valid,http://www.facebook.com/#!/pages/Cosmopolitan-Industries/116872158345659,,,,
180,106987407RR0001,WWW.COSMOPOLITANMUSIC.ORG,Valid,,,,,
181,106987522RR0001,WWW.COSTI.ORG,Valid,,,,,
182,106987605RR0001,WWW.MONTREALPRESBYTERIAN.COM,Invalid,,,,,
183,106988587RR0001,WWW.CLCF.CA,Invalid,,,,,
184,106988934RR0001,www.lamontcountyhousingfoundation.com,Valid,,,,,
185,106989742RR0001,WWW.ITHRIVE.CA,Invalid,,,,,
186,106989999RR0001,WWW.EMM.QC.CA,Valid,http://www.facebook.com/marcellemallet,,,http://www.youtube.com/user/vegaticemm,
187,106990112RR0001,BARRIECOVCRC.ORG,Valid,,,,,
188,106990195RR0001,WWW.COVENANTHOUSE.CA,Invalid,,,,,
189,106990526RR0001,WWW.COMSERV.ORG,Valid,,,,,
190,106990534RR0001,"BCCONFERENCE,Invalid,,,,,
191,106991219RR0001,WWW.CRAIGWOOD.ON.CA,Valid,,,,http://www.youtube.com/watch?v=EVMgIFYy1xk&amp;feature=youtu.be,
192,106991391RR0001,THEDWELLINGPLACEONLINE.COM,Valid,http://www.facebook.com/rbshort,,,http://www.youtube.com/thedwellingplacecbk,
193,106991532RR0001,WWW.CRANBROOKUNITED.COM,Valid,https://www.facebook.com/CranbrookUnitedChurch?hc_location=timeline,,,,
194,106992092RR0001,WWW.CCRN.CA,Valid,,,,,
195,106992894RR0001,WWW.CRESTONBAPTIST.COM,Invalid,,,,,
196,106992936RR0001,WWW.CRESTON.MUSEUM.BC.CA,Valid,https://www.facebook.com/CrestonMuseum,,,,
197,106993272RR0001,WWW.CRIEFFHILLS.COM,Valid,,,,,
198,106993348RR0001,WWW.OPTIONSCENTRE.CA,Invalid,,,,,
199,106993918RR0001,WWW.CROSSROADSCENTRE.CA,Valid,,,,,
200,106993926RR0001,WWW.CROSSROADS.CA,Valid,,,,,
201,106993967RR0001,WWW.CROSSROADSCOUNSELLING.COM,Invalid,,,,,
202,106993975RR0001,WWW.CROSSROADSCRISIS.CA,Invalid,,,,,
203,106993991RR0001,WWW.THELIVINGWAYCHURCH.NET,Invalid,,,,,
204,106994031RR0001,WWW.CROSSROADSPA.ORG,Valid,https://www.facebook.com/pages/Crossroads-Pentecostal-Assembly/236924629731048,,,,
205,106994148RR0001,CROWCHILDTWINARENA.NET,Invalid,,,,,
206,106994445RR0001,WWW.CROWSNESTMUSEUM.CA,Valid,,,,,
207,106994494RR0001,WWW.GRACEANGLICANUNITED.ORG,Valid,,,,,
208,106995681RR0001,CUMBERLANDMUSEUM.CA,Valid,,,,,
209,106997091RR0001,WWW.NCMUSIC.CA,Valid,,,,,
210,106997620RR0001,WWW.CHACI.COM,Valid,,,,,
211,106997810RR0001,WWW.CYTHERA.CA,Valid,,,,,
212,106997992RR0001,WWW.CSBAPTIST.COM,Invalid,,,,,
213,106998008RR0001,WWW.CEMISSION.ORG,Invalid,,,,,
214,106999469RR0001,WWW.DALMENYCOMMUNITYCHURCH.COM,Valid,,,,,
215,107002230RR0001,HHTTP//WWW.ACCESSV\WAVE.CA/NPSSC/,Invalid,,,,,
216,107002479RR0001,DASHMESH.CA,Valid,,,,,
217,107002917RR0001,DAVARCHILDCARE.ORG,Valid,,,,,
218,107004210RR0001,WWW.DAVIDFOSTERFOUNDATION.COM,Valid,http://www.facebook.com/pages/David-Foster-Foundation/109610495747154,,,http://www.youtube.com/user/DFFoundation?feature=watch,
219,107007981RR0001,dhouse.net,Valid,,,,,
220,107008104RR0001,WWW.DAWSONCREEKALLIANCE.CA,Valid,,,,,
221,107008310RR0001,WWW.ANVILISLAND.ORG,Invalid,,,,,
222,107008633RR0001,WWW.DAYSPRINGCHURCH.CA,Valid,,,,,
223,107009409RR0001,WWW.DHHS.CA,Valid,https://www.facebook.com/deafandhearalberta?ref=hl,,,,
224,107010548RR0001,WWW.MYPARKGATE.COM,Valid,https://www.facebook.com/MyParkgate,,,,
225,107010555RR0001,MTSEYMOURUNITED.COM,Valid,https://www.facebook.com/mtseymourunited,,,http://www.youtube.com/embed/dMmtlRcKr8A,
226,107010597RR0001,WWW.DRCOMMUNITYCHURCH.CA,Valid,,,,,
227,107010886RR0001,www.dpuc.ca,Valid,,,,,
228,107011181RR0001,WWW.DELASALLEOAKLANDS.ORG,Valid,http://www.facebook.com/pages/De-La-Salle-College-Oaklands/398396406871450,,,,
229,107012072RR0001,WWW.DELTAHOMESUPPORT.ORG,Invalid,,,,,
230,107012130RR0001,WWW.DCMS.CA,Valid,http://www.facebook.com/deltamusicschool,,http://www.twitter.com/ladnermusic/,,
231,107012171RR0001,WWW.DELTAMUSEUM.CA,Valid,http://www.facebook.com/DeltaMuseumAndArchivesSociety,,,,
232,107012247RR0001,WWW.DELTAUNITEDCHURCH.CA,Valid,http://www.facebook.com/pages/Delta-United-Church-Chancel-Choir/280931885299118,,http://www.twitter.com,http://www.youtube.com,
233,107014292RR0001,WWW.DENTONIANURSERYSCHOOL.CA,Valid,https://www.facebook.com/dentonianurseryschool,,,,
234,107014300RR0001,WWW.DPUC.ORG,Valid,http://www.facebook.com/welcomeback/requests/#!/pages/DPUC-Intercultural-Ministry/385856911427896?fref=ts,,,,
235,107016941RR0001,WWW.GERMANUNITEDCHURCH.ORG,Valid,,,,,
236,107016958RR0001,WWW.FSCHILLERSCHULE.COM,Valid,,,,,
237,107017204RR0001,WWW.DEVONALLIANCECHURCH.CA,Valid,,,,,
238,107017428RR0001,"MEREDITH WHITESIDE,Invalid,,,,,
239,107018194RR0001,WWW.NUTRITIONLINK.ORG,Valid,,,,,
240,107019358RR0001,WWW.DKKPLAYSCHOOL.ORG,Valid,,,,,
241,107019812RR0001,WWW.DILICO.COM,Invalid,,,,,
242,107020232RR0017,WWW.OURCOMMUNION.ORG,Valid,,,,,
243,107020232RR0029,OURCOMMUNION.ORG,Valid,,,,,
244,107020307RR0012,WWW.STJOHNSFF.CA,Invalid,,,,,
245,107020323RR0008,WWW.STPETERSONONTHEROCK.COM,Invalid,,,,,
246,107020331RR0004,SAINTJOACHIMS.COM,Valid,http://www.facebook.com/saintjoachims,,,,
247,107020331RR0011,HOLYFAMILYFREDERICTON.CA,Valid,,,,,
248,107020331RR0014,HOLYTRINITYSJ.COM,Valid,,,http://www.twitter.com/HolyTrinitySJ,,
249,107020331RR0016,WWW.DIOCESEOFSAINTJOHN.ORG,Valid,,,,,
250,107020331RR0019,WWW.STSJOHNANDPAUL.CA,Valid,,,,,
251,107020331RR0022,WWW.STJOSEPHSNB.COM,Valid,http://www.facebook.com/group.php?gid=83894956309,,http://www.twitter.com/stjosephsparish,http://www.youtube.com/user/dailymass,
252,107020331RR0024,WWW.STTHERESAPARISH.CA,Valid,http://www.facebook.com/sharer.php?u=,,,,
253,107020331RR0025,WWW.STDUNSTANSPARISH.CA,Valid,,,,,
254,107020331RR0026,STMICHAELSBASILICA.COM,Valid,,,,,
255,107020331RR0031,STFRANCISOFASSISILINCOLN.CA,Valid,,,,,
256,107020331RR0037,WWW.SAINTROSEOFLIMA.CA,Valid,,,,,
257,107020331RR0041,HTTP://WWW.OLFATIMA.CA,Valid,http://www.facebook.com/pages/Our-Lady-of-Fatima-Parish/159017950913655,,,http://www.youtube.com/user/OurLadyofFatimaNB,
258,107020331RR0042,STANTHONYPARISH.CA,Valid,,,,,
259,107020331RR0043,WWW.SAINTE-ANNE-DES-PAYS-BAS.COM,Invalid,,,,,
260,107020331RR0046,WWW.SAINTMARYSRCMIRAMICHI.COM,Invalid,,,,,
261,107020331RR0051,WWW.OLPHROTHESAY.CA,Valid,,,,,
262,107020331RR0055,WWW.DIOCESEOFSAINTJOHN.ORG,Valid,,,,,
263,107020331RR0059,WWW.STFXSUSSEX.CA,Valid,,,,,
264,107020331RR0060,WWW.VILLAMADONNA.CA,Valid,,,,,
265,107020679RR0001,WWW.THEINCOMMUNITY.CA,Valid,,,,,
266,107021016RR0001,WWW.TORONTODISTRESSCENTRE.COM,Valid,,,,https://www.youtube.com/user/DistressCentres,
267,107021339RR0001,MACKENZIE.BCLIBRARY.CA,Valid,,,,,
268,107021537RR0001,WWW.SOSD69.COM,Valid,https://www.facebook.com/pages/SOS-Grad-Wear-2014/582245801856800,,,,
269,107021800RR0001,WW.DIXIEPC.COM,Invalid,,,,,
270,107026809RR0001,WWW.DC-CHURCH.ORG,Valid,,,,,
271,107027369RR0001,WWW.DOMREMYMCQ.CA,Valid,,,,,
272,107029563RR0001,WWW.DONHEIGHTS.CA,Valid,http://www.facebook.com/donheights,,,,
273,107029720RR0001,WWW.BETTERLIVINGHEALTH.ORG,Valid,http://www.facebook.com/BetterLiving,http://www.linkedin.com/company/better-living-health-and-community-services?trk=nav_account_sub_nav_company_admin,,http://www.youtube.com/user/BetterLivingHealth,
274,107030439RR0001,www.donwayconvenant.com,Invalid,,,,,
275,107032195RR0001,WWW.DORSETPARKCHURCH.ORG,Valid,,,,,
276,107033375RR0001,WWW.DOUGLASMC.CA,Valid,https://www.facebook.com/pages/Douglas-Mennonite-Church/216937038327133,,,,
277,107033888RR0001,WWW.NEWHORIZONSTOWER.COM,Valid,,,,,
278,107033938RR0001,CHILDCARECALGARY.COM,Valid,,,,,
279,107034100RR0001,DOWNSVIEWBAPTISTCHURCH.COM,Valid,,,,,
280,107034134RR0001,WWW.DOWNSVIEWSERVICES.COM,Valid,http://www.facebook.com/downsview,http://www.linkedin.com/company/downsview-services-for-seniors,,http://www.youtube.com/user/DownsviewSeniors,
281,107034480RR0001,WWW.DJCS.ORG,Valid,http://www.facebook.com/downtownjewishcommunityschool,,,,
282,107140329RR0001,WWW.MTS.NET/ DRJESSIE,Invalid,,,,,
283,107253130RR0001,WWW.DRUMHELLERLIBRARY.CA,Valid,http://www.facebook.com/pages/Drumheller-Public-Library/110077339080350,,,,
284,107253205RR0001,WWW.DRUMMONDHILLCHURCH.CA,Invalid,,,,,
285,107268534RR0001,WWW.DLRIC.ORG,Valid,,,,,
286,107268963RR0001,DUFFSCHURCH.CA,Invalid,,,,,
287,107269029RR0001,COSTUMEMUSEUMCANADA.COM,Valid,,,,,
288,107269268RR0001,WWW.DUNBARLUTHERAN.CA,Valid,,,,,
289,107269458RR0001,WWW.ARCADIAN CHILDREN.COM,Invalid,,,,,
290,107269466RR0001,WWW.CLEMENTSCENTRE.ORG,Valid,,,,,
291,107269821RR0001,WWW.DUNDASBAPTISTCHURCH.COM,Valid,http://www.facebook.com/DundasBaptistChurch,,,,
292,107269920RR0001,WWW.DUNDASMUSEUM.CA,Valid,http://www.facebook.com/pages/Dundas-ON/Dundas-Museum-and-Archives/95268393274,,,,
293,107270050RR0001,WWW.DUNDASUNITED.COM,Valid,,,,,
294,107270472RR0001,WWW.YOUTHIMPACTCENTRE.COM,Valid,,,,,
295,107270878RR0001,WWW.DURHAMART.ON.CA,Valid,https://www.facebook.com/Durham.Art.Gallery,,,,
296,107270936RR0001,WWW.DURHAMCA.CA,Invalid,,,,,
297,107270944RR0001,WWW.DCHS.COM,Valid,https://www.facebook.com/pages/Durham-Christian-High-School-Official-site/185439688168242,,,,
298,107270951RR0001,WWW.DCHOMES.CA,Valid,,,,,
299,107270969RR0001,WWW.DURHAMCOLLEGE.CA,Valid,http://www.facebook.com/durhamcollege,,,http://www.youtube.com/durhamcollege,
300,107271108RR0001,WWW.DURHAMPRESBYTERIAN.COM,Valid,,,,,
301,107272791RR0001,WWW.ECEBC.CA,Valid,http://www.facebook.com/TheVancouverCourierNewspaper,,http://www.twitter.com/VanCourierNews,,
302,107273088RR0001,LIFEINYOU.COM,Valid,,,,,
303,107273351RR0001,ECRL.LIBRARY.NS.CA,Valid,http://www.facebook.com/pages/Eastern-Counties-Regional-Library/153045861388306,,,,
304,107273534RR0001,WWW.EOHU.CA,Valid,http://www.facebook.com/pages/Eastern-Ontario-Health-Unit/159400530744249?v=wall,,,http://www.youtube.com/user/EasternOntarioHealth#grid/user/24519D7A535B14E9,
305,107273666RR0002,EASTERNSYNOD.ORG,Valid,//www.facebook.com/ESynodELCIC,,,,
306,107273666RR0003,WWW.CAMPMUSH.CA,Valid,,,,,
307,107273740RR0001,WWW.EASTERNVALLEYBAPTIST.COM,Valid,,,,,
308,107273930RR0001,WWW.EKBC.CA,Valid,,,,,
309,107273955RR0001,WWW.EKASS.COM,Valid,,,,,
310,107274227RR0001,WWW.EASTPLAINSPRESCHOOL.COM,Valid,,,,,
311,107274235RR0001,www.eastplainsunitedchurch.com,Valid,,,,,
312,107274474RR0001,WWW.POMMEDAPI.ORG,Valid,,,,,
313,107274623RR0001,WWW.EBCOTTAWA.CA,Valid,http://www.facebook.com/ebcottawa,,,,
314,107274789RR0001,WWW.EFBC.NET,Valid,https://www.facebook.com/pages/Eastwood-Baptist-Church/349053838550876,,,,
315,107274839RR0001,HTTP://EYLE.TORONTO.ON.CA,Valid,,,,,
316,107274896RR0001,WWW.TOUCHSTONEYC.COM,Invalid,,,,,
317,107275307RR0001,WWW.EBC-WETASKIWIN.CA,Valid,,,,,
318,107275315RR0001,WWW.ROCKOFHELP.COM,Valid,https://www.facebook.com/EbenezerBaptistChurchVancouver,,,,
319,107275380RR0001,WWW.RBC.QC.CA,Valid,http://www.facebook.com/pages/Montreal-QC/Rosemount-Bible-Church/139210720318?v=wall,,,,
320,107275422RR0001,WWW.EBENEZERMENNONITE.COM,Valid,,,,,
321,107275471RR0001,WWW.ERT.ON.CA,Valid,,,,,
322,107276230RR0001,WWW.ECC.GC.CA,Invalid,,,,,
323,107278376RR0001,ECOLEDEMUSIQUEOUTAOUAIS.QC.CA,Valid,,,,,
324,107278905RR0001,WWW.HEC.CA,Valid,http://www.facebook.com/hecmontreal, http://www.linkedin.com/company/hec-montreal,,http://www.youtube.com/HECMontreal,
325,107279218RR0001,WWW.ECS.QC.CA,Valid,,,,,
326,107279630RR0001,WWW.ENC.GC.CA,Invalid,,,,,
327,107279689RR0001,WWW.MONTREALORALSCHOOL.COM,Valid,,,,,
328,107279770RR0001,WWW.PRE-ROSEMERE.ORG,Invalid,,,,,
329,107279895RR0001,WWW.ESB.BROMPTONVILLE.QC.CA,Valid,http://www.facebook.com/pages/%C3%89cole-secondaire-de-Bromptonville/163673540373686,,,,
330,107279929RR0001,WWW.FBOURRIN.QC.CA,Valid,https://www.facebook.com/pages/%C3%89cole-secondaire-priv%C3%A9e-Fran%C3%A7ois-Bourrin/281347008560492,,,,
331,107279960RR0001,WWW.ESMC.QC.CA,Valid,,,,,
332,107279978RR0001,WWW.COLLEGENOTREDAME.CA,Valid,https://www.facebook.com/pages/Coll%C3%A8ge-Notre-Dame-RdL-Page-officielle/217002198364842,,,http://www.youtube.com/watch?v=ZVdqFd0yNwc&amp;feature=related,
333,107280034RR0001,WWW.ESSJ.QC.CA,Valid,,,,,
334,107280224RR0001,WWW.ECOLOGYACTION.CA,Valid,http://www.facebook.com/EcologyActionCentre,,,http://www.youtube.com/ecologyaction,
335,107281289RR0001,WWW.HESATTHEAVENUE.COM,Valid,,,,,
336,107281750RR0001,WWW.EDMISIONHEIGHTS.COM,Invalid,,,,,
337,107282055RR0001,WWW.AUTISMEDMONTON.ORG,Valid,http://www.facebook.com/autismedmonton/,,http://www.twitter.com/AutismEdmonton,,
338,107282071RR0001,WWW.WELCOMETOBETHEL.INFO,Valid,,,,,
339,107282246RR0001,WWW.ECCC.CA,Valid,,,,,
340,107282253RR0001,WWW.GLORYCHURCH.CA,Valid,http://www.facebook.com/pages/Edmonton-Glory-to-God-Christian-Assembly/465127623505402,,,,
341,107282568RR0001,WWW.GRACEPOINTCHURCH.CA,Valid,,,,,
342,107282576RR0001,WWW.RICHFIELDCHURCH.CA,Valid,,,,,
343,107282840RR0001,WWW.LIFE-ENRICHMENT.CA,Valid,,,,,
344,107283145RR0001,WWW.SAFETYCOUNCIL.AB.CA,Valid,https://www.facebook.com/pages/The-Alberta-Safety-Council/189043441145255,,,,
345,107283178RR0001,WESTENDSENIORSACTIVITYCENTRE.COM,Valid,,,,http://www.youtube.com/watch?v=W3_hkTaNS7o,
346,107283194RR0001,WWW.EDMONTONSOCIALPLANNING.CA,Valid,,,,http://www.youtube.com/user/edmontonspc,
347,107283301RR0001,WWW.WINHOUSE.ORG,Valid,https://www.facebook.com/WINHouseShelter,,,,
348,107286221RR0001,WWW.BIBLEBEAUCE.ORG,Valid,http://www.facebook.com/pages/%C3%89glise-Baptiste-%C3%89vang%C3%A9lique-de-Saint-Georges/216076261736883,,,,
349,107286411RR0001,WWW.EGLISEBAPTISTE.CA,Valid,,,,,
350,107286445RR0001,WWW.EGLISEESPOIR.COM,Valid,,,,,
351,107286585RR0001,WWW.EGLISEBETHANIE.COM,Valid,,,,,
352,107287187RR0001,WWW.MONEGLISE.ORG,Valid,https://www.facebook.com/groups/230820856944328/,,,,
353,107287716RR0001,WWWEGLISEUNIESAINTJEAN.ORG,Invalid,,,,,
354,107288011RR0001,WWW.EIGENHEIM.CA,Invalid,,,,,
355,107289639RR0001,WWW.ELANVITAL.CA,Invalid,,,,,
356,107293599RR0001,WWW.ELIMLODGE.COM,Valid,http://www.facebook.com/elimlodge,,,,
357,107293656RR0001,WWW.ELIMCHURCH.CA,Valid,,,,,
358,107293672RR0001,alexisparkchurch.com/,Valid,,,,,
359,107294381RR0001,www.efryedmonton.ab.ca,Valid,http://www.facebook.com/pages/Elizabeth-Fry-Society-of-Edmonton/274093685959019,,,,
360,107294415RR0001,ELIZABETHFRYCALGARY.CA,Valid,,,,,
361,107294456RR0001,WWW.EFRYOTTAWA.COM,Valid,,,,,
362,107296816RR0001,WWW.ELLESMEREUNITED.ORG/,Valid,,,,,
363,107297624RR0001,ECSTAYANDPLAY.COM,Valid,,,,,
364,107297731RR0001,WWW.ELMIRAACL.COM,Valid,,,,,
365,107302663RR0001,EBCMEET.COM,Valid,https://www.facebook.com/ebcmeet,,,,
366,107302721RR0001,WWW.MYEBC.CA,Valid,,,,,
367,107302770RR0001,WWW.EMMANUELBAPTIST.CA,Valid,,,,,
368,107302804RR0001,WWW.EBCVICTORIA.CA,Valid,,,,,
369,107302846RR0001,WWW.EMMANUELBIBLECOLLEGE.CA,Valid,http://www.facebook.com/EmmanuelBibleCollege,,Http://www.twitter.com/#!/EBCollege,http://www.youtube.com/emmanuelkitchener,
370,107302937RR0001,EMMMANUELCRC.ORG,Invalid,,,,,
371,107302945RR0001,WWW.EMMANUELCHRISTIANSCHOOL.QC.CA,Valid,,,,,
372,107302952RR0002,EMMANUELANGLICAN.NET,Valid,,,,,
373,107303174RR0001,WWW.EHPUNITEDCHURCH.CA,Valid,https://www.facebook.com/pages/Emmanuel-Howard-Park-United-Church/183203431697630,,https://www.twitter.com/@EHPUnitedChurch,,
374,107303216RR0001,WWW.PETERSBURGCHURCH.ORG,Valid,,,,,
375,107303232RR0001,WWW.EMMANUELCOMMUNITYCHURCH.CA,Valid,https://www.facebook.com/emmanuelcommunitychurchcalgary,,,,
376,107303257RR0001,WWW.WINKLEREMMANUEL.COM,Valid,,,,,
377,107303489RR0001,WWW.EMMANUELUNITED.COM,Valid,,,,,
378,107303588RR0001,HTTP://WWW.EMLUT.COM/EMMAUSKIRKKO,Invalid,,,,,
379,107304586RR0001,ENDERBYCHAPEL.COM,Valid,,,,,
380,107304636RR0001,WWW.KSCLCASTLEGAR.NET,Valid,https://www.facebook.com/pages/Kootenay-Society-for-Community-Living/670132373006601,,,,
381,107304727RR0001,INTHEDAYSOFTHEVOICE.COM,Valid,,,,,
382,107305146RR0001,HTTP://EPRESEARCHFOUNDATION.WORDPRESS.COM,Valid,http://www.facebook.com/pages/Energy-Probe-Research-Foundation/277852842290873,,,,
383,107305385RR0001,WWW.EDHOSPITAL.ON.CA,Valid,,,,,
384,107305757RR0001,SARARIELINC.COM,Valid,https://www.facebook.com/pages/Sara-Riel-Inc/126140684102302?hc_location=timeline,,,,
385,107305971RR0001,ENTHEOS.CA,Valid,,,,,
386,107306029RR0001,EBM.CAM.ORG,Valid,,,,,
387,107306086RR0001,CENTRAIDEMISSIONNAIRE.ORG,Invalid,,,,,
388,107306102RR0001,WWW.ENTRAIDENATUROLAIT.COM,Valid,,,,,
389,107306516RR0001,WWW.ENTWISTLECOMMUNITYCHURCH.COM,Valid,,,,,
390,107306912RR0001,WWW.EPILEPSYTORONTO.ORG,Valid,http://www.facebook.com/epilepsytoronto,,,,
391,107307001RR0001,WWW.EPILEPSYSIMCOECOUNTY.CA,Valid,,,,,
392,107307068RR0001,WWW.MTS.NET/�ASHGROUP,Invalid,,,,,
393,107307191RR0001,WWW.SASKATOONRCDIOCESE.COM,Valid,http://www.facebook.com/saskatoonrcdiocese,http://www.linkedin.com/company/diocese-of-saskatoon-catholic-foundation,,http://www.youtube.com/user/saskatoondiocese,
394,107307191RR0007,WWW.STMARYSASKATOON.CA,Invalid,,,,,
395,107307191RR0010,WWW.HOLYSPIRITSASKATOON.CA,Valid,,,,,
396,107307191RR0013,www.saintfrancisxavier.ca,Valid,,,,,
397,107307191RR0029,WWW.HOLYFAMILYCATHEDRAL.CA,Valid,,,,,
398,107307191RR0043,WWW.STJOSEPHSASKATOON.CA,Valid,,,,,
399,107307191RR0046,ST.MICHAELSCHURCH@SASKTEL.NET,Valid,,,,,
400,107307191RR0053,WWW.WILKIE.RCNP.CA,Invalid,,,,,
401,107307845RR0001,WWW.ERBSTCHURCH.CA,Valid,,,,,
402,107308942RR0001,WWW.ERINDALENURSERYSCHOOL.COM,Valid,https://www.facebook.com/erindale.nursery.school,,,,
403,107309072RR0001,WWW.ERINMILLSBAPTIST.ORG,Invalid,,,,,
404,107309148RR0001,EMUC.CA,Valid,,,,,
405,107310906RR0001,HTTP://WWW.ESSA.LIBRARY.ON.CA,Valid,https://www.facebook.com/essapubliclibrary,,,http://www.youtube.com/user/essapubliclibrary,
406,107311086RR0001,WWW.ESSEXCS.ON.CA,Invalid,,,,,
407,107311177RR0001,www.erca.org,Valid,http://www.facebook.com/l.php?u=https%3A%2F%2Fwww.eventbrite.com%2Fe%2Ftrees-ontario-community-planting-weekend-windsor-tickets-10756070697&h=WAQEv4O52&s=1,,,http://www.youtube.com/user/TheEssexRegionCA,
408,107352411RR0001,WWW.ETOBICOKECHILDREN.COM,Valid,,,,,
409,107353526RR0001,EVANGELYARMOUTH.COM,Valid,,,,,
410,107353682RR0001,WWW.3DTHRESHOLD.ORG,Valid,,,,,
411,107353807RR0001,WWW.KRCHURCH.NET,Invalid,,,,,
412,107353815RR0001,WWW.EDMONTONCOVENANT.ORG,Invalid,,,,,
413,107353864RR0001,WWW.RAINYRIVERECC.COM,Valid,http://www.facebook.com/pages/Rainy-River-Evangelical-Covenant-Church/179470980666,,,,
414,107353922RR0001,WWW.EVANGELICALFELLOWSHIP.CA,Valid,http://www.facebook.com/theefc,,,http://www.youtube.com/theefcca,
415,107354250RR0001,WWW.EFREELETHBRIDGE.NET,Valid,https://www.facebook.com/efreelethbridge,,,,
416,107354334RR0001,WWW.ELCIC.CA,Valid,http://www.facebook.com/CanadianLutherans,,,,
417,107354532RR0001,WWW.LEMMC.COM,Valid,,,,,
418,107354557RR0001,WWW.GOMISSION.CA,Valid,,,,http://www.youtube.com/user/ouremmc?feature=watch,
419,107354565RR0001,WWW.AEMMC.CA,Valid,,,,,
420,107354680RR0001,WWW.EECANADA.ORG,Invalid,,,,,
421,107354797RR0001,WWW.EVANGEL.INFO,Valid,,,,,
422,107354870RR0001,WWW.OAKVILLE-EVANGEL.COM,Invalid,,,,,
423,107354912RR0001,WWW.EVANGELONLINE.CA,Valid,http://www.facebook.com/evangeloshawa,,http://www.twitter.com/evangeloshawa,http://www.youtube.com/user/EvangelOshawa,
424,107354995RR0001,WWW.EVANGELBC.ORG,Valid,,,,,
425,107355026RR0001,WWW.EVANGELNAPANEE.COM,Valid,,,,,
426,107355679RR0001,HTTP//WWW.DIOCESE-ROUYN-NORANDA.ORG,Invalid,,,,,
427,107355828RR0001,WWW.CHILLIWACKBAPTIST.COM,Valid,,,,,
428,107355901RR0001,WWW.EVERGREEN.BC.NET,Invalid,,,,,
429,107356719RR0001,WWW.EPTCAN.ORG,Valid,,,,,
430,107356818RR0001,HTTP://EYMI.NET,Valid,,,,,
431,107356826RR0001,WWW.CF3A.CA,Valid,,,,,
432,107357048RR0001,WWW.EXPLOITSVALLEYYMCA.CA,Invalid,,,,,
433,107357352RR0001,WWW.SJE.QC.CA,Valid,http://www.facebook.com/pages/Ã‰cole-secondaire-Saint-Jean-Eudes/128121600625053,,,,
434,107358616RR0001,WWW.SAINTE-MADELEINE.ORG,Valid,,,,,
435,107360299RR0001,PRESBYSTEMILE@VIDEOTRON.CA,Valid,,,,http://www.youtube.com/user/Videotron,
436,107361438RR0001,WWW.NDEAUVIVE.ORG,Valid,,,,,
437,107362063RR0001,WWW.JOHNBREBEUF.CA,Valid,,,,,
438,107362659RR0001,WWW.EGLISENDG.COM,Valid,,,,,
439,107363194RR0001,JAIMEMAPAROISSE.CA,Valid,,,,,
440,107364226RR0001,PAROISSE-SAINT-MICHEL.ORG,Valid,https://www.facebook.com/scgsmds,,,,
441,107365470RR0001,HTTP://WWW.YAHOO.FR,Valid,,,,,
442,107366866RR0001,STPAULSHERBROOKE.CA,Valid,,,,,
443,107370223RR0001,FABSTPIERREDUSUD@GLOBETROTTER.NET,Invalid,,,,,
444,107370553RR0001,WWW.SJC-SR.ORG,Valid,,,,,
445,107370793RR0001,WWW.MONEGLISE.COM,Valid,,,,,
446,107371445RR0001,COOKSTREETVILLAGEACTIVITYCENTRE.COM,Valid,https://www.facebook.com/pages/Cook-Street-Village-Activity-Centre/325087244248210,,,,
447,107371676RR0001,WWW.FAIRLAWNAVENUEUNITED.CA,Valid,,,,,
448,107371825RR0001,WWW.FAIRVIEWBAPTIST.CA,Invalid,,,,,
449,107372112RR0001,WWW.FAIRVIEWMB.CA,Valid,,,,,
450,107372484RR0001,WWW.FAITHBAPTISTSYDNEY.CA,Invalid,,,,,
451,107372567RR0001,WWW.FAITHBAPTISTMOUNTFOREST.CA,Valid,,,,,
452,107372575RR0001,WWW.PATH2FAITH.COM,Valid,https://www.facebook.com/#,,,,
453,107372591RR0001,WWW.FAITHMUSKOKA.CA,Valid,http://www.facebook.com/faithmuskoka,,http://www.twitter.com/faithmuskoka,,
454,107372625RR0001,WWW.FBCREGINA.CA,Valid,https://www.facebook.com/fbcregina,,,,
455,107372690RR0001,WWW.FRESHFAITH.NET,Valid,,,,,
456,107372955RR0001,WWW.FAITHCRCMILFORD.CA,Valid,,,,,
457,107373011RR0001,WWW.FAITHCOMMUNITYBAPTIST.COM,Valid,,,,,
458,107373094RR0001,WWW.FLEFC.ORG,Valid,https://www.facebook.com/pages/Fort-Langley-Evangelical-Free-Church/118080094946941,,,,
459,107373110RR0001,faith4u.ca,Valid,,,,,
460,107373169RR0001,HARVESTFAMILYCHURCH.CA,Valid,,,,,
461,107373227RR0001,WWW.GUISACHANBAPTIST.COM,Valid,,,,,
462,107373318RR0001,FAITHLC.2YA.COM,Valid,,,,,
463,107373342RR0001,WWW.FLCDESBORO.COM,Invalid,,,,,
464,107373359RR0001,WWW.FAITHLUTHERANLONDON.COM,Valid,,,,,
465,107373391RR0001,WWW.FAITHLC.CA,Valid,,,,,
466,107373466RR0001,WWW.MEMBERS.SHAW.CA/FAITH.LUTHERAN,Valid,,,,,
467,107373508RR0001,WWW.FAITHLUTHERANKW.COM,Valid,,,,,
468,107373730RR0001,WWW.FAITHPCC.ORG,Invalid,,,,,
469,107373763RR0001,WWW.FAITHVANCOUVER.CA,Valid,,,,,
470,107374225RR0001,WWW.FALLINGBROOKPRESBYTERIAN.COM,Valid,,,,,
471,107374258RR0001,WWW.CHURCHES.NET/CHURCHES/FRBAPTIST,Valid,,,,,
472,107374894RR0001,WWW.LANARKCAS.CA,Valid,,,,,
473,107374910RR0001,CASBROCK.COM,Invalid,,,,,
474,107375230RR0001,WWW.FCCB.CA,Valid,,,,,
475,107375321RR0001,WWW.FAMILYDAYCARE.COM,Valid,,,,,
476,107375529RR0001,WWW.FAMILYENRICHMENT.CA,Valid,https://www.facebook.com/familyenrichment,,,,
477,107375644RR0001,WWW.ARTC.CA,Valid,,,,,
478,107376055RR0001,WWW.THE-FAMILY-CENTRE.COM,Valid,,,,,
479,107376063RR0001,WWW.FAMILYSERVICETORONTO.ORG,Valid,http://www.facebook.com/FamilyServiceToronto,,,http://www.youtube.com/FamilyServiceToronto,
480,107376121RR0001,HTTP:FCCCND.COM,Invalid,,,,,
481,107376162RR0001,WWW.FSMONCTON.COM,Valid,,,,,
482,107376170RR0001,WWW.FSENS.NS.CA,Valid,,,,,
483,107376279RR0001,WWW.FSPEEL.ORG,Valid,http://www.facebook.com/pages/Family-Services-of-Peel/163434633676036,,,http://www.youtube.com/user/FSPeel?feature=mhum#p/u.,
484,107376311RR0001,WWW.FAMILYPLUS.CA,Valid,,,,http://www.youtube.com/watch?v=XvezU5d-BP0,
485,107376378RR0001,WWW.FAMILYTRANSITIONPLACE.CA,Valid,http://www.facebook.com/familytransitionplace,,,,
486,107376402RR0001,WWW.FWCENTRE.COM,Invalid,,,,,
487,107376576RR0001,WWW.FANSHAWEC.CA,Valid,http://www.facebook.com/fanshaweapplicants,,http://www.twitter.com/fanshawecollege,http://www.youtube.com/myfanshawe,
488,107376857RR0001,WWW.FARMERSDELLPRESCHOOL.COM,Valid,,,,,
489,107377020RR0001,WWW.FARRINGDONCHURCH.CA,Valid,,,,,
490,107377491RR0001,FAYWOODCHILDCARE.COM,Invalid,,,,,
491,107378804RR0001,WWW.FQPN.QC.CA,Valid,http://www.facebook.com/sharer.php?u=http://www.fqpn.qc.ca/&t=Accueil,http://www.linkedin.com/shareArticle?url=http://www.fqpn.qc.ca/&title=Accueil rel=,,,
492,107378861RR0001,WWW.FNSPM.CA,Valid,,,,,
493,107379760RR0001,WWW.GREENWOODBAPTIST.CA,Valid,,,,,
494,107380867RR0001,WWW.MOUNTAINSIDECHURCH.CA,Valid,,,,,
495,107380875RR0001,WWW.FERNIEHOUSE.ORG,Valid,,,,,
496,107380982RR0001,WWW.FERNWOODNEIGHBOURHOOD.CA,Valid,,,,,
497,107381303RR0001,WWW.MONDIALDESCULTURES.COM,Valid,http://www.facebook.com/mondialdescultures,,http://www.twitter.com/mondialcultures,http://www.youtube.com/user/Mondialdescultures00,
498,107382574RR0001,WWW.FILBERG.COM,Valid,http://www.facebook.com/FHLPA,,,,
499,107382624RR0001,WWW.FICHURCH.ORG,Valid,,,,,
500,107383242RR0001,WWW.FINLANDIAVILLAGE.CA,Valid,https://www.facebook.com/pages/Finlandia-Village/191750420887384,,,,
501,107383366RR0001,WWW.HILLDALE.NET,Valid,,,,,
502,107383721RR0001,WWW.FACCALGARY.COM,Valid,,,,,
503,107383887RR0001,WWW.FIRSTBAPTISTHALIFAX.ORG,Valid,,,,,
504,107383903RR0001,WWW.GEORGETOWNBAPTISTCHURCH.CA,Invalid,,,,,
505,107384083RR0001,WWW.FIRSTBAPTISTBRAMPTON.ORG,Valid,,,,,
506,107384117RR0001,WWW.FIRSTBAPTISTMOUNTFOREST.CA,Valid,https://www.facebook.com/groups/145350288824836/,,,,
507,107384240RR0001,WWW.1STBAPTIST.CA,Invalid,,,,,
508,107384752RR0001,WWW.FBCPENTICTON.COM,Valid,http://www.facebook.com/pages/Penticton-First-Baptist-Church/350943668227?ref=ts&amp;fref=ts,,,,
509,107384760RR0001,WWW.WLBAPTIST.COM,Invalid,,,,,
510,107384802RR0001,WWW.FIRSTBC.ORG,Invalid,,,,,
511,107384893RR0001,WWW.FIRSTBAPTISTKAMLOOPS.ORG,Valid,,,,,
512,107385007RR0001,WWW.FBCWATERLOO.COM,Valid,https://www.facebook.com/groups/2345154333/,,,,
513,107385361RR0001,WWW.FIRSTCRCKINGSTON.CA,Valid,https://www.facebook.com/FirstChristianReformedChurchOfKingston,,,,
514,107385619RR0001,www.ccrc.on.ca,Valid,,,,,
515,107385643RR0001,WWW.VICTORIACRC.COM,Valid,http://www.facebook.com/victoriacrc,,,,
516,107385676RR0001,WWW.AVCRC.ORG,Valid,,,,,
517,107385767RR0001,"BILL HUNT,Invalid,,,,,
518,107385833RR0001,WWW.CHRISTIANSCIENCE.AB.CA,Valid,https://www.facebook.com/friendsofCSC,,,,
519,107385916RR0001,WWW.CHRISTIANSCIENCE.BC.CA,Valid,http://www.facebook.com/ChristianScienceInBritishColumbia,,,,
520,107385999RR0001,WWW.MONCTON.NAZ.CA,Invalid,,,,,
521,107386682RR0001,WWW.FFBCTORONTO.ORG,Valid,,,,,
522,107386815RR0001,WWW.TEMRE.COM,Valid,,,,,
523,107387243RR0001,WWW.FIRSTPILGRIM.CA,Valid,,,,,
524,107387342RR0001,WWW.FIRSTPRESCOLLINGWOOD.COM,Valid,http://www.facebook.com/groups/118671791544604/,,,,
525,107387367RR0001,WWW.FIRSTCHATHAM.ORG,Valid,https://www.facebook.com/FirstPresbyterianChatham,,,,
526,107387649RR0001,WWW.FIRSTREFCHURCH.CA,Valid,http://www.facebook.com/#!/firstrefchurch,,,,
527,107387953RR0001,WWW.UUOTTAWA.COM,Valid,,,,,
528,107387979RR0001,HTTP://HAMMONDSPLAINSBAPTIST.COM,Invalid,,,,,
529,107388050RR0001,WWW.FIRSTUNITED-BATHURST.CA,Valid,https://www.facebook.com/pages/First-United-Church-Bathurst-NB/412371562132365?ref=ts&fref=ts,,,,
530,107388068RR0001,WWW.FIRSTUNITEDCAMPBELLTON.COM,Valid,,,,,
531,107388076RR0001,WWW.FIRSTUNITEDCHURCHOTTAWA.ORG,Valid,http://www.facebook.com/UnitedChurchCda,,http://www.twitter.com/UnitedChurchCda,http://www.youtube.com/unitedchurchofcanada,
532,107388175RR0001,FIRSTUNITEDSC.COM,Valid,,,,,
533,107388225RR0001,FIRSTUNITEDSALMONARM.CA,Valid,,,,http://www.youtube.com/unitedchurchofcanada?gl=CA&#038;hl=en,
534,107388464RR0001,WWW.JOURNEYONLINE.CA,Valid,https://www.facebook.com/groups/journeywesleyan/,,,,
535,107389421RR0001,WWW.FLAMBC.ORG,Invalid,,,,,
536,107390676RR0001,WWW.FLOWERCART.CA,Valid,,,,,
537,107391542RR0001,WWW.FCCIQ.COM,Valid,https://www.facebook.com/FCCIQ,http://www.linkedin.com/groups/FCCIQ-Members-Friends-Foundation-3916955?gid=3916955&trk=hb_side_g,,,
538,107391567RR0001,WWW.DELAVISITE.ORG,Valid,https://www.facebook.com/de.lavisite?ref=ts&fref=ts,,,https://www.youtube.com/channel/UCNzE8x1bpWXXAVyE7p35n2g,
539,107391666RR0001,FONDATIONCEGEPTHETFORD.CA,Valid,,,,,
540,107391724RR0001,WWW.FONDATIONFRANCO-ONTARIENNE.CA,Valid,http://www.facebook.com/business/dashboard/,,,,
541,107391757RR0001,WWW.FONDATIONHMR.CA,Valid,,,,,
542,107391930RR0001,WWW.FATA.QC.CA,Valid,,,,,
543,107391963RR0001,FQC.QC.CA,Valid,http://www.facebook.com/fqcancer,,,,
544,107392359RR0001,WWW.FOODSHARE.NET,Valid,http://www.facebook.com/FoodShareTO,,,http://www.youtube.com/user/FoodShareTO?feature=mhee,
545,107392516RR0001,WWW.FOOTHILLSLUTHERAN.COM,Valid,,,,,
546,107392524RR0001,FOOTHILLSMENNONITE.COM,Valid,,,,http://www.youtube.com/watch?v=1B5vj6QouDc,
547,107392854RR0001,HTTP://FOREMOST.SHORTGRASS.CA,Valid,http://www.facebook.com/pages/Foremost-Municipal-Library/115060978577693,,,http://www.youtube.com/user/MHPublicLibrary,
548,107393134RR0001,WWW.FORESTGROVECOMMUNITYCHURCH.COM,Valid,,,,http://www.youtube.com/forestgrovechurch,
549,107393159RR0001,WWW.FORESTGROVEUC.COM,Valid,,,,,
550,107393167RR0001,WWW.MCKENZIETOWNECHURCH.COM,Valid,,,,,
551,107393274RR0001,WWW.FHFBC.ORG,Valid,http://www.facebook.com/fhfbc?cropsuccess,,,,
552,107393506RR0001,WWW.FORESTUNITEDCHURCH.COM,Valid,,,,,
553,107394108RR0001,WWW.YMCAOFNIAGARA.CA,Invalid,,,,,
554,107394371RR0001,WWW.FORTGARRYEMC.CA,Valid,,,,,
555,107394454RR0001,WWW.FGMB.DREAMHOSTERS.COM,Valid,,,,,
556,107394504RR0001,HTTP://MEMBERS.SHAW.CA/FGUC,Valid,,,,,
557,107394660RR0001,WWW.FORTLAREINEMUSEUM.CA,Valid,http://www.facebook.com/pages/Fort-la-Reine-Museum/129553080390522,,http://www.twitter.com/fortlareine,,
558,107394694RR0001,WWW.ALLIANCECHURCH.ORG,Invalid,,,,,
559,107394850RR0001,EFAPFORTMCMURRAY.COM,Valid,,,,,
560,107395014RR0001,WWW.FMCSD.AB.CA,Valid,,,,,
561,107395030RR0001,WWW.NLHR.CA,Invalid,,,,,
562,107395329RR0001,FORTOSTELLMUSEUM.COM,Valid,,,,,
563,107395451RR0001,WWW.FRBC.CA,Valid,,,,,
564,107395618RR0001,WWW.FORTPENTECOSTAL.CA,Invalid,,,,,
565,107395725RR0001,WWW.FSPL.CA,Valid,,,,,
566,107395964RR0001,HTTP://FORTSTJOHN.BCLIBRARY.CA,Valid,http://www.facebook.com/fsjlibrary,,http://www.twitter.com/fsjlibrary,,
567,107395998RR0001,PCCWEB.CA/FORTSTJOHN/,Invalid,,,,,
568,107396020RR0001,WWW.FSJWRS.CA,Valid,,,,,
569,107396186RR0001,WWW.FVSD.AB.CA,Valid,,,,,
570,107396228RR0001,FORTWILLIAMBAPTISTCHURCH.COM,Valid,,,,,
571,107396285RR0001,WWW.FORUMARTCENTRE.COM,Valid,http://www.facebook.com/pages/Forum-Art-Centre/95590762322,,,,
572,107396905RR0002,WWW.FOURSQUARE.CA,Invalid,,,,,
573,107396905RR0003,WWW.BIBLEFELLOWSHIP.CA,Valid,https://www.facebook.com/BibleFellowshipFoursquare,,http://www.twitter.com,,
574,107396905RR0007,WWW.SUNSHINEHILLS.ORG,Valid,,,,,
575,107396905RR0010,WWW.CRANBROOKFOURSQUARE.COM,Valid,,,,,
576,107396905RR0015,WWW.PRINCETONFOURSQUARE.CA,Invalid,,,,,
577,107396905RR0035,WWW.NGATE.CA,Valid,,,,,
578,107396905RR0036,WWW.MISSIONFOURSQUARE.COM,Valid,https://www.facebook.com/parksideonprentis,,https://www.twitter.com/parksidemission,,
579,107396905RR0037,WWW.MARANATHACHURCH.CA,Valid,https://www.facebook.com/MaranathaNanaimo,,,,
580,107396905RR0041,WWW.NORTHSIDECHURCH.CA,Valid,,,,,
581,107396905RR0044,THECONNECTOR.CA,Valid,,,,,
582,107396905RR0057,WWW.BEAUSEJOURCHURCH.CA,Invalid,,,,,
583,107396905RR0058,RCFONLINE.COM,Valid,,,,,
584,107396905RR0059,WWW.LOVEASSEMBLY.CA,Valid,,,,,
585,107396905RR0062,HTTP://YUKONBIBLEFELLOWSHIP.COM,Valid,,,,,
586,107396905RR0065,WWW.PCFC.CA,Valid,https://www.facebook.com/praisechristian.foursquare,,,,
587,107396905RR0067,CHRISTCHURCHOFGLORY.NET,Valid,,,,,
588,107396905RR0069,WWW.KIMBERLEYFOURSQUARE.COM,Valid,https://www.facebook.com/pages/Kimberley-Foursquare-Fellowship/161857500049?ref=ts,,,,
589,107396905RR0070,WWW.NRCHURCH.CA,Valid,,,,,
590,107396905RR0074,WWW.OURGODHEARS.COM,Valid,https://www.facebook.com/ourgodhearskw,,http://www.twitter.com,https://www.youtube.com/user/fakinniyi,
591,107396905RR0077,WWW.CONNECTINGPOINTCHURCH.CA,Invalid,,,,,
592,107396905RR0079,WWW.NEWVIDA.CA,Valid,https://www.facebook.com/pages/NewVida/128810703857944,,,,
593,107396905RR0080,WWW.FOURSQUARETORONTO.COM,Invalid,,,,,
594,107396905RR0081,WWW.GRACECC.CA,Valid,,,,,
595,107396962RR0001,WWW.FOURTHAVEBAPTIST.CA,Valid,,,,,
596,107399784RR0001,WWW.ACTIONMARGUERITE.CA,Valid,,,,,
597,107402422RR0001,SCHOEBER@TELUS.NET,Valid,http://www.facebook.com/TELUS,,,http://www.youtube.com/telus,
598,107403446RR0001,WWW.FRASERHICKSON.CA,Valid,http://www.facebook.com/pages/Fraser-Hickson-Library/142397979116123,,,,
599,107403461RR0001,FRASERHOUSE.ORG,Valid,,,,,
600,107403586RR0001,WWW.CJIBC.ORG,Valid,http://www.facebook.com/pages/Fraser-Region-Community-Justice-Initiatives/110778905610718?v=wall,,,,
601,107403669RR0001,WWW.FRASERSIDE.BC.CA,Valid,,,,,
602,107403677RR0001,WWW.FVAA.NET,Valid,,,,,
603,107403701RR0001,www.ufv.ca,Valid,http://www.facebook.com/goUFV,http://www.linkedin.com/company/university-of-the-fraser-valley_2,http://www.twitter.com/goUFV,http://www.youtube.com/user/goUFV,
604,107403933RR0001,WWW.FVRL.BC.CA,Valid,http://www.facebook.com/FraserValleyLibrary,,,http://www.youtube.com/user/FraserValleyLibrary,
605,107405201RR0001,WWW.THESHELTERS.CA,Valid,https://www.facebook.com/FredShelters,,,,
606,107405219RR0001,WWW.FRYSINC.CA,Invalid,,,,,
607,107405284RR0001,www.fsacc.ca,Valid,,,,,
608,107405318RR0001,WWW.JOBS-UNLIMITED.ORG,Invalid,,,,,
609,107406316RR0011,INFO@FMCIC.CA,Valid,https://www.facebook.com/FMCIC,,,,
610,107406316RR0015,WWW.FREEDOMCC.CA,Valid,,,,,
611,107406316RR0028,WWW.RYMALROAD.ORG,Valid,,,,,
612,107406316RR0030,WWW.NEWHEIGHTS.CA,Valid,http://www.facebook.com/pages/New-Heights-Church/474705072553433,,,,
613,107406316RR0038,WWW.GRACEMETHODIST.CA,Valid,,,,,
614,107406316RR0044,WWW.NEXTCHURCH.COM,Valid,https://www.facebook.com/nextchurchkingston,,,,
615,107406316RR0045,WESTSPRINGSFMC.CA,Valid,,,,,
616,107406316RR0050,LAKESIDECOMMUNITYCHURCH.CA,Valid,http://www.facebook.com/#!/group.php?gid=2327439726,,http://www.twitter.com/lccsalmonarm,,
617,107406316RR0051,WWW.ECCLESIAX.COM,Valid,https://www.facebook.com/pages/Ecclesiax-Church/236904203025263,,,,
618,107406316RR0053,RUSTLERANCH.BLOGSPOT.COM,Valid,,,,http://www.youtube.com/watch?v=G0cHBzO6qYU,
619,107407769RR0001,WWW.FAPEEL.ORG,Valid,https://www.facebook.com/FriendsAdvocatesPeel?fref=ts,,,,
620,107407785RR0001,WWW.FRIENDSDAYCARE.CA,Valid,,,,,
621,107407827RR0001,WWW.FRIENDSHIP-BC.COM,Valid,,,,,
622,107407983RR0001,WWW.RMH.SK.CA,Valid,https://www.facebook.com/RMHSaskatchewan?fref=ts,,,,
623,107408056RR0001,WWW.CONFLUENCEHS.ORG,Valid,,,,,
624,107408445RR0001,WWW.FRONTIERCOLLEGE.CA,Valid,,,,,
625,107408536RR0001,WWW.SALAAMMINISTRIES.COM,Valid,,,,,
626,107409229RR0001,WWW.ESTONCOLLEGE.CA,Valid,,,,,
627,107409252RR0001,HTTP://WWW.FGBMF.CA,Valid,,,,,
628,107409328RR0001,GATEWAYCHRISTIANMINISTRIES.COM,Valid,,,,,
629,107409757RR0001,WWW.FUNDAMENTALBAPTISTCHURCH.ORG/WWWW.WINDCRESTBIBLECAMP.OR,Invalid,,,,,
630,107409765RR0001,WWW.BATHROADBAPTIST.COM,Valid,,,,,
631,107410458RR0001,WWW.GDINS.ORG,Valid,https://www.facebook.com/gabrieldumontinstitute,,,https://www.youtube.com/channel/UCynvuqUsjiqxgyQ6Lrh6TUg,
632,107412264RR0001,WWW.SALTSPRINGCENTRESCHOOL.CA,Valid,,,,,
633,107412470RR0001,WWW.CHURCHATTHEFALLS.COM,Valid,,,,,
634,107413874RR0001,WWW.AUPAYSDESLUTINS.COM,Valid,http://www.facebook.com/pages/Service-de-garde-jours-soirs-et-fins-de-semaine/274071525994537,,,,
635,107413973RR0001,WWW.PETIMONDE.QC.CA/COURRI-CUVRETTE,Invalid,,,,,
636,107414963RR0001,WWW.GCCS.CA,Valid,,,,,
637,107415366RR0001,CPEJARDINFANFAN.COM,Valid,,,,,
638,107415929RR0001,WWW.MARMAILLE.QC.CA,Valid,,,,,
639,107416463RR0001,CPELECOLOMBIER@GLOBETROTTER.NET,Invalid,,,,,
640,107416984RR0001,WWW.CPELESCALE.COM,Valid,,,,,
641,107417925RR0001,WWW.NARNIA.QC.CA,Valid,,,,,
642,107419558RR0001,WWW.GARRINGTONCHURCH.COM,Valid,,,,,
643,107419764RR0001,WWW.GARSIDECHURCH.COM,Invalid,,,,,
644,107419830RR0001,GARTHHOMER.COM,Valid,http://www.facebook.com/pages/Garth-Homer-Society/308291768615?v=info#!/pages/Garth-Homer-Society/308291768615,,,,
645,107420952RR0001,WWW.GATEHOUSEMONTESSORI.COM,Valid,,,,,
646,107420994RR0001,WWW.GATEWAYWINNIPEG.COM,Valid,http://www.facebook.com/pages/Gateway-Church/178177042254040,,,,
647,107421075RR0001,WWW.GATEWAYSOCIETY.ORG,Invalid,,,,,
648,107421141RR0001,WWW.SANTEDESCOLLINES.QC.CA,Valid,,,,,
649,107422586RR0001,WWW.CHOG.CA,Valid,,,,,
650,107424897RR0001,WWW.GEORGEJEFFREY.COM,Valid,http://www.facebook.com/pages/George-Jeffrey-Childrens-Centre/132052553534644,,,,
651,107425944RR0001,WWW.GEORGESTUNITEDCHURCH.NF.NET,Invalid,,,,,
652,107425951RR0001,GEORGESTREETUNITED.CA,Valid,,,,,
653,107428492RR0001,WWW.GCCH.CA,Valid,,,,,
654,107428807RR0001,WWW.FGAL.ORG,Invalid,,,,,
655,107430704RR0001,WWW.GLCWINDSOR.ORG,Valid,,,,,
656,107431843RR0001,DAILYEMTS.NET,Invalid,,,,,
657,107431942RR0001,WWW.SPIRITWEST.ORG,Valid,http://www.facebook.com/groups/151827391623815/?ref=ts,,,http://www.youtube.com/watch?v=50GPgKmKYqE,
658,107432759RR0001,WWW.GILMOREPARKUNITED.ORG,Valid,,,,,
659,107432858RR0001,WWW.GIMLILUTHERAN.COM,Invalid,,,,,
660,107433039RR0001,WWW.GINGERBREADHOUSEPRESCHOOL.ORG,Valid,,,,,
661,107434201RR0001,WWW.CBYMCA.COM,Valid,,,,,
662,107434334RR0001,WWW.CITYVIEWCHURCH.CA,Valid,,,,,
663,107434607RR0001,GTARMSTRONG.CA,Invalid,,,,,
664,107434771RR0001,WWW.GLADWINHEIGHTSUNITEDCHURCH.ORG,Valid,,,,,
665,107435125RR0001,WWW.GLAMORGANCOMMUNITYKINDERGARTEN.COM,Valid,,,,,
666,107435372RR0001,WWW.GLEBEPRESBYTERIAN.ORG,Valid,,,,,
667,107435497RR0001,WWW.GLENACRES.ON.CA,Valid,,,,http://www.youtube.com/watch?v=p4V60n6KiB8,
668,107435828RR0001,WWW.GLENCAIRNALLIANCECHURCH.COM,Valid,,,,,
669,107435935RR0001,WWW.GLENCAIRNBAPTISTCHURCH.CA,Valid,,,,,
670,107436206RR0001,LORI BEATON - TREASURER,Invalid,,,,,
671,107436313RR0001,CLGLEN.ON.CA,Valid,http://www.facebook.com/pages/Community-Living-Glengarry/114656748615866,,,,
672,107436370RR0001,WWW.GLENGARRYHISTORICALSOCIETY.COM,Valid,,,,,
673,107436438RR0001,GLENGATEALLIANCE.CA,Valid,,,,http://www.youtube.com/watch?v=UOoyWeCIeFg&feature=youtu.be,
674,107436636RR0001,GCASCHOOL.COM,Invalid,,,,,
675,107437063RR0001,WWW.GLENVIEWUNITED.CA,Valid,http://www.facebook.com/#!/glen.view.92,,,,
676,107437352RR0001,IMPACTMINISTRYGROUP.ORG,Valid,,,,,
677,107437527RR0001,WWW.GLORIADEI.CA,Valid,,,,,
678,107438525RR0001,WWW.GOLDENBAPTISTCHURCHWORDPRESS.COM,Invalid,,,,,
679,107438657RR0001,WWW.GOLDENEARSPRESCHOOL.CA,Valid,,,,,
680,107438996RR0001,WWW.GOLDENWOMENTCENTRE.CA,Invalid,,,,,
681,107439382RR0001,WWW.GONZALESCOOPPRESCHOOL.COM,Valid,,,,,
682,107439754RR0002,WWW.GSS.ORG,Valid,,,,,
683,107439796RR0002,WWW.GOODSHEPHERDCATHOLICCHURCH.CA,Invalid,,,,,
684,107440844RR0001,GORDONKINGCHURCH.COM,Invalid,,,,,
685,107441313RR0001,WWW.GORDONUNITEDCHURCH.CA,Valid,https://www.facebook.com/pages/Gordon-United-Church-On-Goldstream/195765833782287,,,,
686,107441891RR0001,WWW.NASSAUSTREETCHURCH.COM,Valid,,,,,
687,107441917RR0001,GMSA.ORG,Valid,,,,,
688,107443541RR0001,WWW.GBCAIRDRIE.CA,Invalid,,,,,
689,107443657RR0001,GBCDAUPHIN.COM,Invalid,,,,,
690,107443863RR0001,WWW.GRACECRCOFCOBOURG.ORG,Valid,,,,,
691,107443871RR0001,WWW.GRACECRC.CA,Valid,,,,,
692,107443889RR0001,WWW.GRACECRC.COM,Valid,,,,,
693,107443970RR0002,WWW.GRACEANGLICAN.NET,Valid,,,,,
694,107444242RR0001,GLCVICTORIA.COM,Invalid,,,,,
695,107444515RR0001,WWW.CORNERSTONEWINNIPEG.ORG,Invalid,,,,,
696,107444671RR0001,WWW.GRACELUTHERANREGINA.COM,Valid,https://www.facebook.com/pages/Philadelphia-Lutheran-Ministries/200332463336438?sk=wall#!/pages/Grace-Lutheran-Church-Regina-Saskatchewan/231524663552058,,,,
697,107444812RR0001,WWW.GRACEBURNABY.COM,Valid,,,,,
698,107445025RR0001,WWW.GEMCHURCH.CA,Valid,http://www.facebook.com/pages/Grace-Church/184178968298644?ref=hl,,,http://www.youtube.com/user/GEMCHURCH1?feature=mhee,
699,107445116RR0001,WWW.GRACEVIEW.CA,Valid,,,,,
700,107445124RR0001,WWW.REDEEMERCHURCH.CA,Valid,,,,,
701,107445389RR0001,WWW.GRACEUCC.CA,Valid,,,,,
702,107445488RR0001,HTTP://WWW.GRACEUCSARNIA.COM,Valid,,,,,
703,107445520RR0001,WWW3.TELUS.NET/GRACEUNITED,Invalid,,,,,
704,107445595RR0001,WWW.GRACEUNITEDTHORNBURY.CA,Valid,,,,,
705,107446593RR0001,WWW.GRANDECACHETRANSITION.COM,Valid,,,,,
706,107446767RR0001,WWW.TELUSPLANET.NETPUBLIC/GLACECRC/INDEX,Invalid,,,,,
707,107446841RR0001,WWW.GPPSD.AB.CA,Valid,http://www.facebook.com/pages/Grande-Prairie-Public-School-District/162375753809463,,,http://www.youtube.com/user/GPPSDVC/videos?view=0,
708,107447138RR0001,WWW.ELKS-CANADA.ORG,Valid,https://www.facebook.com/TheElksofCanada,,,,
709,107447153RR0001,WWW.FREEMASONS.AB.CA,Valid,,,,,
710,107447435RR0001,GRANDRIVER.CA,Valid,,,,http://www.youtube.com/user/grandriverca,
711,107447856RR0001,GRANDVIEWCC.CA,Valid,https://www.facebook.com/GrandviewKids,,,https://www.youtube.com/user/GrandviewKids,
712,107448219RR0001,WWW.MACEWAN.CA,Valid,,,,,
713,107448953RR0001,WWW.LEGRAVE.CA,Valid,https://www.facebook.com/media/set/?set=vb.206299112734949&amp;type=2,,,,
714,107449464RR0001,WWW.BIGBROTHERSBIGSISTERS.CA,Valid,,,,http://www.youtube.com/bbbscanada,
715,107449787RR0001,WWW.FOODBANK.BC.CA,Valid,,,,,
716,107449811RR0001,WWW.INTERLINKLIBRARIES.CA,Valid,,,,,
717,107449902RR0001,YOUTHUNLIMITED.COM,Valid,http://www.facebook.com/GVYFCYouthUnlimited,,,,
718,107449910RR0001,WWW.VERNONMUSEUM.CA,Valid,http://www.facebook.com/vernonmuseum,,,,
719,107449944RR0001,WWW.CAFCA.CA,Invalid,,,,,
720,107450157RR0001,WWW.CALVINCHRISTIAN.MB.CA,Valid,https://www.facebook.com/www.calvinchristian.mb.ca,,,,
721,107450710RR0001,WWW.GREENBAY.BC.CA,Invalid,,,,,
722,107450744RR0003,WWW.DORSET.K12.NF.CA,Invalid,,,,,
723,107450975RR0001,WWW.GREENFIELDNURSERYSCHOOL.COM,Valid,,,,,
724,107450983RR0001,WWW.GPBAPTISTCHURCH.COM,Valid,http://www.facebook.com/groups/26780606171/,,,http://www.youtube.com/watch?v=http://youtu.be/KITEwY7vk4I,
725,107450991RR0001,HTTP://SOUTHSHORECOMMUNITY.CA,Invalid,,,,,
726,107451593RR0001,HTTP://GREENWOOD.BCLIBRARY.CA,Valid,,,,,
727,107452641RR0001,GREYSAUBLE.ON.CA,Valid,https://www.facebook.com/pages/Grey-Sauble-Conservation-Authority/142778155927200,,,,
728,107453474RR0001,WWW.ABC02.0RG,Invalid,,,,,
729,107453664RR0001,WWW.ENTRAIDESTEFOY.ORG,Invalid,,,,,
730,107453755RR0001,WWW.GROUPEENTRE-GENS.CA,Valid,,,,,
731,107453763RR0001,WWW.GROUPELESRELEVAILLES.QC.CA,Valid,https://www.facebook.com/Relevaillesqc,,,,
732,107454506RR0001,GMCH.CA,Valid,,,,,
733,107456808RR0001,WWW.GUELPHBIBLECC.COM,Valid,,,,,
734,107456881RR0001,WWW.GUELPHCHC.CA,Valid,,,,,
735,107456972RR0001,WWW.GGHORG.CA,Valid,https://www.facebook.com/pages/The-Foundation-of-Guelph-General-Hospital/162349190488511,,,,
736,107457061RR0001,CLGW.CA,Valid,,,,,
737,107457285RR0001,WWW.GUIDINGLIGHT.CA,Valid,,,,,
738,107457764RR0001,PC.GC.CA/GULFOFGEORGIACANNERY,Valid,,,,,
739,107458192RR0001,WWW.GNSG.CA,Valid,,,,,
740,107460388RR0001,WWW.HAGUEGOSPELCHURCH.COM,Valid,,,,,
741,107460529RR0001,HAILEYBURYBAPTIST.CA,Valid,http://www.facebook.com/GHMIMarkDavy#!/GHMIMarkDavy?sk=wall&amp;filter,,,,
742,107460800RR0001,WWW.HWMH.ON.CA,Valid,,,,,
743,107460958RR0001,WWW.COMMUNITYCAREHALIBURTON.COM,Valid,,,,,
744,107461147RR0001,WWW.HALIFAXCHINESECHURCH.ORG,Invalid,,,,,
745,107461170RR0001,WWW.HALIFAXCHRISTIANACADEMY.CA,Invalid,,,,,
746,107461352RR0001,WWW.HALIFAXEARLYCHILDHOODSCHOOL.CA,Valid,,,,,
747,107461394RR0001,WWW.HGS.NS.CA,Invalid,,,,,
748,107461444RR0001,WWW.ARMBRAE.NS.CA/ISNET/ARMBRAE,Invalid,,,,,
749,107461485RR0001,WWW.PREGANCYCAREHALIFAX.COM,Invalid,,,,,
750,107461824RR0001,WWW.HALLMARKSOCIETY.CA,Valid,,,,,
751,107462301RR0001,WWW.HDSB.CA,Valid,,,,,
752,107462384RR0001,WWW.HALTONFAMILYSERVICES.ORG,Valid,,,,,
753,107462483RR0001,WWW.CONSERVATIONHALTON.ON.CA,Valid,https://www.facebook.com/ConservationHalton,,,http://www.youtube.com/user/conservationhalton?feature=watch,
754,107462525RR0001,WWW.CDHALTON.CA,Valid,,,,,
755,107462558RR0001,WWW.HALTONWOMENSPLACE.COM,Valid,http://www.facebook.com/pages/Halton-Womens-Place/191856760917599,,,,
756,107462566RR0001,WWW.STRIDE.ON.CA,Valid,https://www.facebook.com/pages/STRIDE-Employment-Connections-Program/778839628796255?ref=profile,,,,
757,107462699RR0001,WWW.HAMILTONREADS.CA,Valid,https://www.facebook.com/pages/Hamilton-Literacy-Council/298901566915959,,,,
758,107462780RR0001,WWW.HAMILTONCAC.ORG,Invalid,,,,,
759,107462921RR0001,HAMILTONAREAPRESCHOOLS.CA,Valid,,,,,
760,107462988RR0001,WWW.UWAYBH.CA,Valid,https://www.facebook.com/unitedwayBH,http://www.linkedin.com/groups/United-Way-Burlington-Greater-Hamilton-4732442?gid=4732442&amp;mostPopular=&amp;trk=tyah,,http://www.youtube.com/user/UnitedWayBH,
761,107463119RR0001,HJUC.CA,Valid,,,,,
762,107463887RR0001,HTPP://PMUC.SHAWWEBSPACE.CA/,Invalid,,,,,
763,107464646RR0001,WWW.HDHOSPITAL.CA,Valid,,,,,
764,107464711RR0001,WWW.HANOVERPENTECOSTALCHURCH.ORG,Invalid,,,,,
765,107465924RR0001,WWW.HAPPYDAYSPLAYSCHOOL.CA,Valid,,,,,
766,107466104RR0001,WWW.HAPPYHOURSPRESCHOOL.BC.CA,Valid,http://www.facebook.com/pages/Happy-Hours-Parent-Participation-Preschool/179773901767,,,,
767,107466575RR0003,WWW.HARBOURFRONT.ON.CA,Invalid,,,,,
768,107466757RR0001,WWW.CLHANOVER.COM,Valid,,,,,
769,107466773RR0001,WWW.HARCOURTUC.CA,Valid,https://www.facebook.com/#!/pages/Harcourt-Memorial-United-Church-Guelph-Ontario/280433658696935,,,,
770,107467334RR0001,WWW.HARMONY-CHURCH.ORG,Valid,https://www.facebook.com/groups/147556338618854/,,,,
771,107467409RR0001,WWW.HARMONY-ROAD.COM,Valid,,,,,
772,107467425RR0001,WWW.HARMONYUNITEDCHURCH.CA,Invalid,,,,,
773,107468555RR0001,WWW.HARROWMENNONITE.ON.CA,Valid,,,,,
774,107469488RR0001,HARTLANDBAPTISTCHURCH.COM,Valid,,,,,
775,107469645RR0001,WWW.PGCOS.CA/HART,Invalid,,,,,
776,107469835RR0001,www.harvestcommunity.ca,Valid,http://www.facebook.com/601787756507416,,http://www.twitter.com/@hcommunityinc,http://www.youtube.com/user/HarvestCommunityInc,
777,107469884RR0001,WWW.HARVESTHILLSALLIANCE.COM,Valid,,,,,
778,107471575RR0001,WWW.HAZELGLEEN.CA,Invalid,,,,,
779,107471690RR0001,HTTP://HAZELTON.BCLIBRARY.CA,Valid,,,,,
780,107472839RR0001,WWW.HEARTANDSTROKE.CA,Valid,http://www.facebook.com/heartandstroke,,,http://www.youtube.com/heartandstrokefdn,
781,107473274RR0001,WWW.HEARTLAKECHURCH.COM,Invalid,,,,,
782,107473282RR0001,WWW.HEARTLAKEUNITED.CA,Valid,https://www.facebook.com/HLUCBrampton,,,,
783,107473316RR0001,WWW.HEARTNIAGARA.COM,Valid,,,,,
784,107473829RR0001,WWW.HEBRONCRC.CA,Valid,,,,http://www.youtube.com/watch?v=zy85__Xs9eE&feature=youtu.be,
785,107474199RR0001,WWW.HEIDEHOF.COM,Valid,,,,,
786,107476053RR0001,HELLENICHOME.ORG,Invalid,,,,,
787,107476475RR0001,OROMOCTOFOODBANK.CA,Valid,,,,,
788,107478000RR0001,WWW.HEPBURNMB.COM,Valid,,,,,
789,107478760RR0001,WWW.MULTICENTRE.ORG,Valid,,,,,
790,107478786RR0001,WWW.HBCBARRIE.COM,Valid,http://www.facebook.com/sharer.php?u=http://hbcbarrie.com&t=Heritage Baptist Church  |  Barrie, ON  |  Dr. LeRoy Pennell, Pastor,,,,
791,107478836RR0001,WWW.BEARSPAWSCHOOL.COM,Valid,https://www.facebook.com/BearspawChristianSchool,,,,
792,107478968RR0001,WWW.HERITAGECHURCH.CA,Valid,,,,,
793,107479172RR0001,HPAC.ORG,Valid,,,,,
794,107480626RR0001,WWW.HAGCM.ORG,Valid,,,,,
795,107480642RR0001,WWW.HIGHBURYGOSPELHALL.COM,Valid,,,,,
796,107480816RR0001,WWW.HIGHLANDBAPTIST.CA,Valid,,,,,
797,107480899RR0001,WWW.CALEBPIKEHERITAGEPARK.ORG,Invalid,,,,,
798,107480949RR0001,WWW.HPWC.CA,Valid,,,,,
799,107481012RR0001,EDGEMONTVILLAGE.CA,Valid,https://www.facebook.com/pages/Edgemont-Village/134838149902451,,http://www.twitter.com/,,
800,107481020RR0001,WWW.HIGHLANDSPRESCHOOL.CA,Valid,https://www.facebook.com/highlandspreschool.ca?ref=hl,,,,
801,107481061RR0001,WWW.HIGHLANDSUNITED.ORG,Valid,,,,,
802,107481483RR0001,WWW.HIGHRIVERCHURCH.COM,Invalid,,,,,
803,107481624RR0001,WWW.HIGHRIVERUNITEDCHURCH.ORG,Valid,,,,,
804,107482176RR0001,WWW.HILLCRESTDISCIPLESTORONTO.ORG,Invalid,,,,,
805,107482416RR0001,WWW.HILLCRESTCHURCHONLINE.COM,Invalid,,,,,
806,107482564RR0001,HILLHURSTSUNNYSIDECOMMUNITY.COM,Invalid,,,,,
807,107482598RR0001,WWW.HILLHURSTUNITED.COM,Valid,http://www.facebook.com/#!/pages/Hillhurst-United-Church/151926648179157,,,,
808,107482820RR0001,WWW.HILLSIDEBIBLECHAPEL.CA,Valid,,,,,
809,107483018RR0001,WWW.HILLSIDEMONCTON.ORG,Valid,http://www.facebook.com/pages/Hillside/233328050024925,,,http://www.youtube.com/user/MonctonHillside?feature=watch,
810,107483208RR0001,WWW.HILLVIEWBAPTIST.ORG,Valid,,,,,
811,107483257RR0001,WWW.HILLVIEWPRESCHOOL.CA,Valid,,,,,
812,107483414RR0001,WWW.HINDUSABHA.COM,Valid,,,,,
813,107484073RR0001,WWW.GERMAN-CANADIAN.CA,Valid,,,,,
814,107484081RR0001,HSOTTAWA.NCF.CA,Valid,,,,,
815,107484107RR0001,WWW.ANNAPOLISHERITAGESOCIETY.COM,Valid,http://www.facebook.com/pages/Annapolis-Royal-NS/Annapolis-Heritage-Society/160477317319451,,,,
816,107484891RR0001,HMONGMENNONITECHURCH.CA,Invalid,,,,,
817,107485633RR0001,WWW.HOLLANDC.PE.CA,Valid,https://www.facebook.com/HollandCollege,,,http://www.youtube.com/hollandhurricanes,
818,107485872RR0001,WWW.PJKIDSCLUB.COM,Invalid,,,,,
819,107485880RR0001,WWW.DUNDARAVEPRESCHOOL.COM,Valid,,,,,
820,107487043RR0001,WWW.MCCLONDON.COM,Valid,,,,,
821,107487092RR0001,WWW.GEOCITIES.COM/HOLYGHOSTUKRAINIANCHURCH,Invalid,,,,,
822,107487480RR0001,HOLYROODASC.CA,Valid,,,,,
823,107487969RR0001,www.torontoarmenianchurch.org,Valid,http://www.facebook.com/TorontoArmenianChurch,,http://www.twitter.com/htactoronto,http://www.youtube.com/channel/UClkwSd2V05pAVs0roB1XqTg,
824,107488215RR0001,LONDONGREEKCOMMUNITY.ORG,Valid,https://www.facebook.com/welcomeback/requests/#!/pages/Holy-Trinity-Greek-Orthodox-Community-of-London-Ontario-CANADA/306254269466741?fref=ts,,,,
825,107488231RR0001,HOLYTRINITYLCC.ORG,Invalid,,,,,
826,107488314RR0002,WWW.HOLYTRINITYYARMOUTH.CA,Valid,,,,,
827,107488348RR0001,WWW.PNCCOFCANADA.COM,Valid,,,,,
828,107489940RR0001,WWW.HOPECENTREMINISTRIES.ORG,Valid,https://www.facebook.com/pages/Hope-Centre-Ministries/134793803254316,http://www.linkedin.com/company/2971929?trk=tyah&#038;trkInfo=tas%3Ahope%20centre%20ministries%2Cidx%3A1-1-1,,,
829,107489965RR0001,WWW.HOPECENTREINC.ORG,Invalid,,,,,
830,107490013RR0001,HOPEFORPORTPERRY.COM,Valid,,,,,
831,107490054RR0001,WWW.HOPEDALEPRESCHOOL.ORG,Invalid,,,,,
832,107490088RR0001,WWW.HOPEDALECHURCH.CA,Valid,,,,,
833,107490146RR0001,WWW.HOPE-INTERNATIONAL.COM,Valid,,,,,
834,107490161RR0001,WWW.HOPELC.CA,Valid,,,,,
835,107490229RR0001,WWW.HOPELCS.CA,Valid,,,,,
836,107490237RR0001,WWW.VICTORIA-LUTHERAN.ORG,Valid,,,,,
837,107490328RR0001,WWW.HCCCENTRE.ORG,Invalid,,,,,
838,107490690RR0001,WWW.CSSSARGENTEUIL.QC.CA,Valid,,,,,
839,107490781RR0001,WWW.CHA.QUEBEC.QC.CA,Valid,http://www.facebook.com/pages/Centre-hospitalier-affili%C3%A9-universitaire-de-Qu%C3%A9bec-CHA/227858627270930#!/pages/Centre-hospitalier-affili%C3%A9-universitaire-de-Qu%C3%A9bec-CHA/227858627270930,,,http://www.youtube.com/watch?v=73ROPUovLrs&feature=player_embedded,
840,107490880RR0001,HTTP//WWW.CRHSC/UMONTREAL.CA/HSAM/INTRO.HTML,Invalid,,,,,
841,107491136RR0001,WWW.SANTEMONTREAL.QC.CA/CSSS/COEURDELILE,Invalid,,,,,
842,107491250RR0001,WWW.HLHL.QC.CA,Valid,,,,,
843,107491581RR0001,WWW.PIERRE-JANET.QC.CA,Invalid,,,,,
844,107491664RR0001,WWW.HRDP.QC.CA,Valid,http://www.facebook.com/hrdp.qc,,http://www.twitter.com/hopitalrdp,http://www.youtube.com/user/HRDP000,
845,107491797RR0001,WWW.CSSSDRUMMOND.QC.CA,Valid,,,,,
846,107491847RR0001,WWW.HSJ.QC.CA,Valid,http://www.facebook.com/ChuSteJustine,,http://www.twitter.com/ChuSteJustine,,
847,107492480RR0001,www.hornbydenmanhealth.com,Valid,,,,,
848,107492688RR0001,WWW.HCP.CA,Valid,http://www.facebook.com/HCPacific?sk=wall,,,http://www.youtube.com/hcpacific,
849,107492928RR0001,WWW.SICKKIDS.CA,Valid,,,,,
850,107493074RR0001,WWW.HOSPITALSPECIALNEEDS.CA,Invalid,,,,,
851,107493132RR0001,WWW.CSSSAE.QC.CA,Valid,,,,,
852,107493439RR0001,WWW.HDGH.ORG,Valid,,,,,
853,107493892RR0001,WWW.HOUSEOFFRIENDSHIP.ORG,Valid,http://www.facebook.com/houseoffriendshipkw,http://www.linkedin.com/company/house-of-friendship-of-kitchener,,http://www.youtube.com/hofnow,
854,107494171RR0001,LIBRARY.HOUSTON.CA,Valid,http://www.facebook.com/pages/edit/?id=176164105732299&amp;sk=basic#%21/pages/Houston-Public-Library/176164105732299,,,,
855,107494908RR0001,WWW.HOWESOUND.NET,Valid,,,,,
856,107496432RR0001,WWW.HUDSONSHOPEMUSEUM.COM,Valid,http://www.facebook.com/home.php?#!/pages/Hudsons-Hope-BC/Hudsons-Hope-Museum/124162084280248?ref=ts&amp;ajaxpipe=1&amp;__a=10,,,,
857,107497125RR0001,WWW.HUMANCONCERN.ORG,Valid,,,,http://www.youtube.com/user/HumanConcernInt,
858,107497406RR0001,WWW.HRRH.ON.CA,Valid,,,,http://www.youtube.com/user/humberriverhospital,
859,107497604RR0001,WWW.HUMBOLDTBIBLECHURCH.CA,Valid,,,,,
860,107497802RR0001,WWW.VISIONSUNITED.CA,Valid,http://www.facebook.com/visionsunitedchurch,,,,
861,107498644RR0001,WWW.CLHMIDLAND.ON.CA,Valid,http://www.facebook.com/CommunityLivingHuronia,,,,
862,107498834RR0001,EPILEPSYHPB.CA,Valid,,,,,
863,107503344RR0001,IHMCC.WEBS.COM,Valid,,,,,
864,107503369RR0001,WWW.IHMS.MB.CA,Valid,,,,,
865,107503468RR0001,NO WEBSITE,Invalid,,,,,
866,107503500RR0001,WWW.EDMONTONIMMANUEL.CA,Valid,,,,,
867,107503575RR0001,IMMANUELCHRISTIANSCHOOL.CA,Valid,,,,,
868,107503617RR0001,WWW.IMMANUELFELLOWSHIP.CA,Valid,,,,,
869,107503716RR0001,WWW.ILCR.CA,Valid,,,,,
870,107503807RR0001,WWW.IMMANUELSCHOOL.CA,Valid,http://www.facebook.com/pages/Immanuel-Christian-School-Oshawa/169017956538053?ref=tn_tnmn,,,,
871,107504060RR0001,WWW.IMMIGRANTHEALTH.INFO,Valid,,,,,
872,107504789RR0001,IGGH.ORG,Valid,,,,,
873,107505042RR0001,WWW.ONTARIO.ANGLICAN.CA,Valid,,,,,
874,107505059RR0001,TORONTO.ANGLICAN.CA,Valid,http://www.facebook.com/torontoanglican,,,http://www.youtube.com/tordio135,
875,107505356RR0001,WWW.ILCWR.ORG,Valid,http://www.facebook.com/ilcwr,,http://www.twitter.com/ilcwr,,
876,107505364RR0001,WWW.ILHS.CA,Valid,https://www.facebook.com/pages/Independent-Living-Housing-Society/339483339410276,,,,
877,107505372RR0001,WWW.ILRC.MB.CA,Valid,http://www.facebook.com/ILRCWinnipeg,,,,
878,107505810RR0001,WWW.INDIARAINBOW.ORG,Valid,,,,,
879,107505885RR0001,WWW.ICWAEDMONCTON.COM,Invalid,,,,,
880,107506610RR0001,WWW.INFOFLAM.ON.CA,Valid,,,,,
881,107506891RR0001,WWW.INGLEWOODPPP.CA,Invalid,,,,,
882,107507378RR0001,WWW.ICPMEDMONTON.CA,Valid,,,,,
883,107507402RR0001,INNERKIPUNITED.CA,Valid,,,,,
884,107507774RR0001,INSPIRATIONMINISTRIES.NET,Valid,https://www.facebook.com/pages/Anita-Pearce-Inspiration-Ministries-Canada/138959852913838,,,,
885,107507857RR0001,PDVB.ORG,Valid,,,,,
886,107507899RR0001,WWW.ICRPAP.CA,Valid,,,,,
887,107507980RR0001,WWW.AVATAQ.QC.CA,Valid,,,,,
888,107508160RR0001,WWW.MUHC.CA/RESEARCH,Invalid,,,,,
889,107508194RR0001,WWW.IRCM.QC.CA,Invalid,,,,,
890,107508434RR0001,WWW.ICSCANADA.EDU,Valid,http://www.facebook.com/instituteforchristianstudies,,,http://www.youtube.com/christianstudies,
891,107508673RR0001,WWW.IPAC.CA,Valid,,,,,
892,107508939RR0001,WWW.INLB.QC.CA,Valid,http://www.facebook.com/#!/pages/Fondation-Institut-Nazareth-Louis-Braille/195475873870222,,,,
893,107508954RR0001,WWW.NDL.QC.CA,Valid,https://www.facebook.com/collegendl/,,,,
894,107509085RR0001,WWW.REINE-MARIE.QC.CA/,Valid,https://www.facebook.com/college.reinemarie,,,http://www.youtube.com/watch?v=tE7q7Yd4Gu0,
895,107509168RR0001,WWW.ST-JOSEPH.QC.CA,Valid,http://www.facebook.com/institutstjoseph,,,,
896,107509390RR0001,WWW.INTEGRA.ON.CA,Valid,,,,,
897,107509507RR0001,WWW.INTERACTMINISTRIES.ORG,Valid,,,,,
898,107509838RR0001,ICAVICTORIA.ORG,Valid,http://www.facebook.com/ICAVictoria,http://www.linkedin.com/company/intercultural-association-of-victoria,,http://www.youtube.com/user/icagreatervictoria,
899,107509853RR0001,WWW.CAMROSECOMMUNITYCHURCH.CA,Valid,,,,,
900,107510059RR0001,WWW.INTERIMPLACE.COM,Invalid,,,,,
901,107511453RR0001,WWW.MISSIONTOCHILDREN.,Invalid,,,,,
902,107511586RR0001,WWW.IDRC.CA,Valid,http://www.facebook.com/IDRC.CRDI,,,http://www.youtube.com/idrccrdi,
903,107512022RR0001,WWW.MUKTIMISSION.ORG,Invalid,,,,,
904,107513111RR0001,WWW.INDIANLIFE.ORG,Valid,,,,,
905,107513145RR0001,WWW.INTERVALHOUSEOTTAWA.ORG,Valid,http://www.facebook.com/pages/Interval-House-of-Ottawa-Maison-Interval-dOttawa/176461942408738,,,,
906,107513160RR0001,WWW.IVCF.CA,Valid,https://www.facebook.com/pages/Inter-Varsity-Christian-Fellowship-of-Canada/18732938799,,https://www.twitter.com/InterVarsityCAN,,
907,107513384RR0001,INFO@INUITBROADCASTING.CA,Valid,,,,,
908,107514242RR0001,WWW.IONACOLLEGE.EDU,Valid,,,,,
909,107514267RR0001,WWW.TRI-CHURCH.CA,Valid,,,,,
910,107516320RR0001,WWW.HOSPICEPEI.CA,Valid,,,,,
911,107516387RR0001,WWW.ISLANDMONTESSORI.COM,Valid,,,,,
912,107517070RR0001,WWW.FABRESTREETCHURCH.COM,Valid,,,,,
913,107521528RR0001,WWW.JBGH.ORG,Invalid,,,,,
914,107521569RR0001,WWW.JAMESBAYUNITED.COM,Valid,https://www.facebook.com/JamesBayUnitedChurch,,,,
915,107523029RR0001,WWW.VICTORYEDU.COM,Valid,,,,,
916,107526196RR0001,WWW.TEACHBEYOND.ORG,Valid,https://www.facebook.com/TeachBeyond,http://www.linkedin.com/company/teachbeyond,,,
917,107526246RR0001,WWW.JCVA.BC.CA,Valid,https://www.facebook.com/tonarigumi,,,http://www.youtube.com/user/Tonarigumi1,
918,107527285RR0001,WWW.JPBC.CA,Valid,https://www.facebook.com/groups/474143019287245/#!/groups/191676210967557/,,,,
919,107528879RR0001,WWW.GRIFFIN-CENTRE.ORG,Valid,http://www.facebook.com/pages/Griffin-Centre/150090138370501,,,,
920,107532590RR0001,WWW.JELLINEKSOCIETY.CA,Valid,https://www.facebook.com/jellineksociety,,,,
921,107534240RR0001,WWW.JESUITSPIRIT.CA,Valid,,,,,
922,107534521RR0001,ENERGITECK.COM,Valid,,,,,
923,107534554RR0001,WWW.JEUNESSEDUMONDE.QC.CA,Invalid,,,,,
924,107534794RR0001,WWW.JFSA.CA,Valid,,,,,
925,107534828RR0001,WWW.LOUISBRIER.COM,Valid,,,,,
926,107535015RR0001,WWW.JVSTORONTO.ORG,Valid,http://www.facebook.com/share.php?u=<url>,,,http://www.youtube.com/watch?v=zY3BTJe0m8A&amp;feature=youtu.be,
927,107536146RR0001,WWW.JSM.ORG,Valid,https://www.facebook.com/groups/mediachurch/?id=10150253733157315&ref=notif&notif_t=group_activity,,,,
928,107538415RR0001,WWW.ONESTEP.CA,Valid,,,,,
929,107538589RR0001,WWW.JOCELYNHOUSE.CA,Valid,,,,,
930,107542441RR0001,WWW.CALGARYJOHNHOWARD.ORG,Valid,,,http://www.twitter.com/preventcrimenow,,
931,107542524RR0001,JHSNI.BC.CA,Valid,https://www.facebook.com/JHSNI,,,,
932,107542540RR0001,JHSNOK.CA,Valid,,,,,
933,107542565RR0001,WWW.JOHNHOWARD.VICTORIA.BC.CA,Valid,,,,,
934,107542573RR0001,WWW.JHSLMBC.CA,Valid,,,,,
935,107542581RR0001,WWW.JOHNHOWARD.BC.CA,Invalid,,,,,
936,107542656RR0001,WWW.KEYS.CA,Valid,http://www.facebook.com/keysjobcentre,,,http://www.youtube.com/keysjobcentre,
937,107542706RR0001,WWW.JHS-NIAGARA.CA,Valid,,,,,
938,107542789RR0001,WWW.JHSPTBO,Invalid,,,,,
939,107542854RR0001,WWW.JOHNHOWARDTBAY.ON.CA,Valid,,,,,
940,107542870RR0001,WWW.JOHNHOWARDSOCIETYWINDSOR.ORG,Invalid,,,,,
941,107542888RR0001,WWW.NJHS.CA,Valid,http://www.facebook.com/pages/The-Northern-John-Howard-Society/352572671490405,,,,
942,107542896RR0001,WWW.WATERLOO.JOHNHOWARD.ON.CA,Valid,,,,,
943,107544132RR0001,WWW.JMCPL.CA,Valid,http://www.facebook.com/jmcpl.ca,,,,
944,107550642RR0001,JOUVENCE.COM,Valid,https://www.facebook.com/pages/Jouvence/126724750687055,,,,
945,107552390RR0001,WWW.WELLSPRINGCHURCH.CA,Valid,,,,,
946,107552408RR0001,WWW.JUBILEECRC.ORG,Valid,,,,,
947,107552838RR0001,WWW.JMPROJECTS.CA,Valid,,,,,
948,107554222RR0002,WWW.JACAN.ORG,Valid,https://www.facebook.com/JAchievement,http://www.linkedin.com/groups?mostPopular=&amp;gid=3027142,,https://www.youtube.com/user/juniorachievementcan,
949,107554255RR0001,JAWATERLOOREGION.ORG,Valid,http://www.facebook.com/#!/pages/JA-Company-Program-Waterloo-Region/239096122800674,,,,
950,107554263RR0001,WWW.JALONDON.ORG,Valid,http://www.facebook.com/#!/pages/Junior-Achievement-London/131713956572,http://www.linkedin.com/groups/Junior-Achievement-London-3766818?gid=3766818&amp;mostPopular=&amp;trk=tyah&amp;trkInfo=tas%3Ajunior%20achievement%20of%20london%2Cidx%3A1-1-1,,http://www.youtube.com/user/JALondonTV,
951,107554297RR0001,WWW.JACENTRALONTARIO.ORG,Valid,http://central-ontario.jacan.org/%20https%3A/%252Fwww.facebook.com/JACOCompanyProgram,,http://central-ontario.jacan.org/www.twitter.com/JACO_CP,,
952,107554305RR0001,WWW.JANL.ORG,Valid,http://www.facebook.com/pages/Junior-Achievement-of-Newfoundland-and-Labrador/106517292744545,,,,
953,107554321RR0001,JANORTHALBERTA.ORG,Valid,https://www.facebook.com/JANorthernAlberta,,http://www.twitter.com/JA_northalberta,http://www.youtube.com/user/JANorthernAlberta,
954,107554362RR0001,WWW.JAPEI.ORG,Valid,http://www.facebook.com/group.php?gid=2233505751,http://www.linkedin.com/groups?mostPopular=&amp;gid=3027142,,,
955,107554396RR0001,WWW.JASOUTHALBERTA.ORG,Valid,https://www.facebook.com/pages/Junior-Achievement-of-Southern-Alberta/110970488942325,http://www.linkedin.com/groups?mostPopular=&amp;gid=3027142,,http://www.youtube.com/user/JASouthAlberta?feature=mhee,
956,107554446RR0001,WWW.JUNIORLEAGUECALGARY.COM,Valid,https://www.facebook.com/pages/Junior-League-of-Calgary/121206674567702,,,http://www.youtube.com/juniorleaguecalgary,
957,107554875RR0001,WWW.JUVENAT.CA,Valid,http://www.facebook.com/profile.php?id=100001975696933,,,,
958,107556060RR0001,WWW.KAMLOOPSY.ORG,Valid,https://www.facebook.com/kamloopsy,,,http://www.youtube.com/watch?v=GX-kUdptkiM&amp;feature=youtu.be,
959,107556136RR0001,WWW.KAMLOOPSHOSPICE.COM,Valid,,,,,
960,107556276RR0001,KSCL.CA,Invalid,,,,,
961,107558264RR0001,WWW.NKLCSS.ORG,Valid,,,,https://www.youtube.com/channel/UCt5qDR6zwnh61zuvqMC8FAg,
962,107559676RR0001,WWW.KHCAS.ON.CA,Valid,,,,,
963,107559726RR0001,WWW.KAWARTHACONSERVATION.COM,Valid,https://www.facebook.com/pages/Kawartha-Conservation/489072691200469,,,,
964,107560450RR0001,WWW.KEELESTREET.CA/INDEX.HTM,Invalid,,,,,
965,107561730RR0001,WWW.KELOWNAARTGALLERY.COM,Invalid,,,,,
966,107562035RR0001,WWW.KGFCHURCH.ORG,Invalid,,,,,
967,107562043RR0001,WWW.KELOWNAGOSPELMISSION.CA,Valid,http://www.facebook.com/#!/KelownaGospelMission,,http://www.twitter.com/#!/KGMission,,
968,107562225RR0001,KSD.MB.CA,Valid,,,,,
969,107562514RR0001,WWW.KDH.ON.CA,Valid,https://www.facebook.com/KemptvilleDistrictHospital,,,http://www.youtube.com/user/KemptvilleHospital,
970,107564338RR0001,WSSH.CA,Valid,,,,,
971,107564395RR0001,WWW.KENORA.CA,Valid,,,,,
972,107565053RR0001,N/A,Invalid,,,,,
973,107565665RR0001,WWW.KERRYSPLACE.ORG,Valid,http://www.facebook.com/pages/Kerrys-Place-Autism-Services/106809869347752,,,,
974,107565749RR0001,WWW.KESWICKCHRISTIAN.CA,Valid,,,,,
975,107565806RR0001,WWW.KETTLECREEKCONSERVATION.ON.CA,Valid,http://www.facebook.com/pages/Kettle-Creek-Conservation-Authority/288191187903787,,http://www.twitter.com/#!/KettleCreekCA,,
976,107566218RR0001,WWW.KEYANO.CA,Valid,http://www.facebook.com/keyanocollege,http://www.linkedin.com/company/keyano-college,http://www.twitter.com/keyanocollege,http://www.youtube.com/user/keyanocollege,
977,107566465RR0001,KPMROBLINMB.WEBS.COM,Valid,http:/http://www.facebook.com/media/set/?set=a.442891562410330.108101.189524247747064&#38;type=1,,,,
978,107567166RR0001,WWW.KKP.CA,Valid,http://www.facebook.com/groups/150797231004/,,,,
979,107567398RR0001,WWW.KIDNEY.CA,Valid,http://www.facebook.com/kidneyfoundation,,http://www.twitter.com/kidneycanada,http://www.youtube.com/kidneycanada,
980,107568651RR0001,KIMBERLEY.BCLIBRARY.CA,Valid,,,,,
981,107568685RR0001,WWW.KIMBERLEYUNITED.CA,Valid,https://www.facebook.com/groups/kimberleyunited/,,,,
982,107568750RR0001,WWW.KPUC.ORG,Valid,,,,,
983,107569261RR0001,KINDERSLEYALLIANCE.COM,Valid,,,,,
984,107569972RR0001,HTTP://PERSONAL.NBNET.NB.CA/KINGGCM,Invalid,,,,,
985,107570269RR0001,WWW.AWARE.ON.CA,Valid,http://www.facebook.com/STARSS.Canada,,,http://www.youtube.com/user/AWARECanada,
986,107570293RR0001,WWW.CHILDBIRTHKINGSTON.COM,Valid,http://www.facebook.com/pages/Childbirth-Kingston-Inc/10477876775,,,,
987,107570368RR0001,WWW.VOLUNTEERKINGSTON.CA,Valid,,,,,
988,107570384RR0001,WWW.KINGSTONDAYCARE.ORG,Valid,,,,,
989,107570467RR0003,WWW.KFLAPUBLICHEALTH.CA,Valid,http://www.facebook.com/kflapublichealth/,,,,
990,107570517RR0001,WWW.KGH.ON.CA,Valid,,,,,
991,107570673RR0001,WWW.KRUC.CA,Valid,,,,,
992,107570855RR0001,WWW.KINGSVALLEY.CA,Valid,,,http://www.twitter.com/JoAnneLyonGS,http://www.youtube.com/kingsvalleychurch,
993,107570947RR0001,WWW.KINGSWAYBAPTIST.CA,Valid,,,,,
994,107570962RR0001,WWW.KINGSWAYCOLLEGE.ON.CA,Valid,http://www.facebook.com/groups/kingswaycollege,,,http://www.youtube.com/user/KingswayCollege,
995,107571036RR0001,WWW.KINGSWAYLAMBTON.CA,Valid,https://www.facebook.com/kingswaylambtonchurch,,,,
996,107571101RR0001,KITCHISSIPPIUC.COM,Valid,https://www.facebook.com/kitchissippi.uc,,,,
997,107571127RR0001,WWW.KING-LIBRARY.ON.CA,Invalid,,,,,
998,107572257RR0001,WWW.ANWC.NET/KIRK,Invalid,,,,,
999,107572489RR0001,WWW.KPL.ORG,Valid,http://www.facebook.com/kitchenerlibrary,,http://www.twitter.com/KitchLibrary,http://www.youtube.com/kitchenerlibrary,
1000,107572596RR0001,WWW.KWCHURCH.COM,Valid,,,,,
1001,107572687RR0001,WWW.CAMBRIDGEKW.CA,Invalid,,,,,
1002,107572976RR0001,KITSCC.COM,Valid,,,,,
1003,107573149RR0001,WWW.BELIEVEINKIDS.CA,Valid,http://www.facebook.com/believeinkids,,http://www.twitter.com/tkbgc,http://www.youtube.com/user/tkbgc1,
1004,107573156RR0001,WWW.DEAFMANITOBA.ORG,Valid,,,,,
1005,107573313RR0001,WWW.SAGEHEALTHCENTRE.CA,Valid,,,,,
1006,107573404RR0001,WWW.KIWANISNURSINGHOME.COM,Valid,,,,,
1007,107574063RR0001,WWW.KLINIC.MB.CA,Valid,,,,,
1008,107574352RR0001,WWW.KHEMS.ORG,Invalid,,,,,
1009,107574766RR0001,HTTP://KNOLLWOODPARK.WEBS.COM,Valid,,,,,
1010,107574923RR0001,WWW.UTORONTO.CA/KNOX,Invalid,,,,,
1011,107574964RR0001,WWW.KNOXEFC.CA,Valid,,,,,
1012,107574998RR0001,WWW.KNOXNET.ORG,Invalid,,,,,
1013,107575193RR0001,KNOXBINBROOK.NET,Valid,,,,,
1014,107575243RR0001,WWW.KNOX16.COM,Valid,,,,,
1015,107575250RR0001,WWW.KNOXGEORGETOWN.CA,Valid,,,,,
1016,107575284RR0001,WWW.KNOXMILTON.COM,Valid,,,,,
1017,107575300RR0001,WWW.KNOXTORONTO.ORG,Valid,https://www.facebook.com/knoxtoronto,,,,
1018,107575482RR0001,WWW.KNOXGUELPH.CA,Valid,,,,,
1019,107575490RR0001,KNOXWATERLOO.CA,Valid,,,,,
1020,107575730RR0001,WWW.KNOXCALGARY.CA,Valid,,,,,
1021,107575789RR0001,KNOXNW.COM,Invalid,,,,,
1022,107575797RR0001,WWW.KNOXPCVICTORIA.ORG,Valid,,,,,
1023,107575854RR0001,WWW.KNOXMIDLAND.CA,Valid,http://www.facebook.com/profile.php?id=100002096582649,,,,
1024,107575870RR0001,WWW.IROQUOISPRESBYTERIAN.COM,Valid,,,,,
1025,107576019RR0001,WWW.KNOXUAYR.COM,Invalid,,,,,
1026,107576050RR0001,KNOXOWENSOUND.CA,Invalid,,,,,
1027,107576308RR0001,KNOXUNITEDCHURCH.CA,Valid,,,,,
1028,107576613RR0001,WWW.KCF.ORG,Valid,http://www.facebook.com/pages/Koinonia-Christian-Fellowship/169703386423367,,http://www.twitter.com/kcf_org,,
1029,107576621RR0001,WWW.KOINONIA.CA,Invalid,,,,,
1030,107576894RR0001,KOOTENAYFAMILYPLACE.ORG,Valid,https://www.facebook.com/pages/Kootenay-Family-Place/277773292257797,,,,
1031,107576910RR0001,WWW.DOUKHOBOR-MUSEUM.ORG,Valid,http://www.facebook.com/DoukhoborDiscoveryCentre,,,,
1032,107577017RR0001,WWW.NELSONMUSEUM.CA,Valid,http://www.facebook.com/pages/Touchstones-Nelson-Museum-of-Art-and-History/62908084663,,,,
1033,107577173RR0001,WWW.KRACL.ORG,Valid,,,,,
1034,107577223RR0001,WWW.KOPERNIK-FOUNDATION.ORG,Valid,,,,,
1035,107577348RR0001,WWW.KBCV.CA,Valid,,,,,
1036,107577413RR0001,WWW.KOREANCENTRE.ON.CA,Invalid,,,,,
1037,107577587RR0002,WWW.STJUNGHASANG.COM,Valid,,,,,
1038,107577637RR0001,HTTP://WWW.KUCWINDSOR.ORG,Invalid,,,,,
1039,107578817RR0001,KSAN.ORG,Valid,,,,,
1040,107579674RR0001,WWW.KWAG.ON.CA,Valid,http://www.facebook.com/#!/kwartgallerypage,,,http://www.youtube.com/user/kwagadmin,
1041,107579732RR0001,WWW.KWCF.ORG,Valid,http://www.facebook.com/kwcfchurch,,http://www.twitter.com/kwcfchurch,http://www.youtube.com/kwcfchurch,
1042,107579815RR0001,KWHAB.CA,Valid,http://www.facebook.com/KWHabilitation,,,http://www.youtube.com/user/KWHabilitation,
1043,107579823RR0001,WWW.GRANDRIVERHOSPITAL.ON.CA,Valid,,,,,
1044,107580664RR0001,WWW.NORTHHATLEYLIBRARY.QC.CA,Invalid,,,,,
1045,107580706RR0001,WWW.LABOITEASOLEIL.CA,Valid,,,,,
1046,107581308RR0001,LCSPEEL.CA,Valid,https://www.facebook.com/LabourCommunityServicesOfPeel?ref=hl,,,,
,,,,,,,,

