id,regnum,website,IsValid,facebooklink,linkedinlink,twitterlink,youtubelink
1,107577223RR0001,WWW.KOPERNIK-FOUNDATION.ORG,Valid,,,,
2,107577348RR0001,WWW.KBCV.CA,Valid,,,,
3,107577413RR0001,WWW.KOREANCENTRE.ON.CA,Invalid,,,,
4,107577587RR0002,WWW.STJUNGHASANG.COM,Valid,,,,
5,107577637RR0001,HTTP://WWW.KUCWINDSOR.ORG,Invalid,,,,
6,107578817RR0001,KSAN.ORG,Valid,,,,
7,107579674RR0001,WWW.KWAG.ON.CA,Valid,http://www.facebook.com/#!/kwartgallerypage,,,http://www.youtube.com/user/kwagadmin
8,107579732RR0001,WWW.KWCF.ORG,Valid,http://www.facebook.com/kwcfchurch,,http://www.twitter.com/kwcfchurch,http://www.youtube.com/kwcfchurch
9,107579815RR0001,KWHAB.CA,Valid,http://www.facebook.com/KWHabilitation,,,http://www.youtube.com/user/KWHabilitation
10,107579823RR0001,WWW.GRANDRIVERHOSPITAL.ON.CA,Valid,,,,
11,107580664RR0001,WWW.NORTHHATLEYLIBRARY.QC.CA,Invalid,,,,
12,107580706RR0001,WWW.LABOITEASOLEIL.CA,Valid,,,,
13,107581308RR0001,LCSPEEL.CA,Valid,https://www.facebook.com/LabourCommunityServicesOfPeel?ref=hl,,,
14,107581779RR0001,WWW.ACADEMIE.STE-THERESE.COM,Invalid,,,,
15,107582876RR0001,WWW.LACDUBONNETLIBRARY.CA,Valid,,,,
16,107583338RR0001,397 RUE PRINCIPALE,Invalid,,,,
17,107583684RR0001,WWW.ABC02.ORG,Valid,,,,
18,107584443RR0001,WWW.LACOMELIBRARY.ORG,Invalid,,,,
19,107584989RR0001,LACORDEERASM.ORG,Valid,,,,
20,107585085RR0001,WWW.PADIOCESE.SK.CA,Invalid,,,,
21,107585085RR0006,WWW.STJOSEPHCAL.CATHOLICWEB.COM,Invalid,,,,
22,107585085RR0047,WWW.STTHERESAWAKAW.COM,Valid,,,,
23,107585226RR0001,WWW.POLYMTL.CA,Valid,http://www.facebook.com/polymtl/,,,http://www.youtube.com/user/polymtlvideos/
24,107585515RR0004,"SYLVIE VALLEE,Invalid,,,,,
25,107585515RR0008,COURRIEL: ROSAIRE2@VIANET.CA,Valid,,,,,
26,107585820RR0001,CORAMH.ORG,Valid,http://www.facebook.com/#!/CORAMH,,,,
27,107586190RR0001,WWW.USER.DCCNET.COM/LADNER.UNITED/,Invalid,,,,,
28,107586471RR0001,WWW.OCEANVIEWCHURCH.CA,Valid,,,,,
29,107588527RR0001,WWW.LEPILIER.ORG,Valid,,,,,
30,107589913RR0001,WWW.LAIDLAWFDN.ORG,Valid,http://www.facebook.com/LaidlawFoundation,,,http://www.youtube.com/user/LaidlawFdn,
31,107590341RR0001,WWW.SEASIDEHIGHSPEED.COM\~P.MACLEAN,Invalid,,,,,
32,107590572RR0001,WWW.LAKEECHOBAPTIST.COM,Valid,http://www.facebook.com/#!/LakeEchoFellowshipBaptistChurchMexicoMissionsTrip?fref=ts,,http://www.twitter.com/lefbc,http://www.youtube.com/lefbc,
33,107590713RR0001,WWW.CLTB.CA,Valid,https://www.facebook.com/communitylivingtb,,,,
34,107590754RR0001,WWW.TBCDSB.ON.CA,Valid,,,,,
35,107590820RR0001,WWW.LSPC.CA,Valid,https://www.facebook.com/211North,,,,
36,107591182RR0001,WWW.LAKELANDREGIONALLIBRARY.CA,Valid,http://www.facebook.com/pages/Lakeland-Regional-Library/350216488410103,,,,
37,107591315RR0001,WWW.LAKEOFBAYSMISSIONCHURCH.CA,Invalid,,,,,
38,107591356RR0001,FIREFLYNW.CA,Valid,,,,,
39,107591372RR0001,LWDH.ON.CA,Valid,,,,,
40,107591596RR0001,WWW.LAKESHORECHURCH.CA,Valid,,,,,
41,107591851RR0001,WWW.AVATIL.ORG,Valid,,,,,
42,107591877RR0001,WWW.LAKESIDEBAPTIST.CA,Valid,,,,,
43,107592479RR0001,WWW.LAKEVIEWUNITEDCHURCH.COM,Valid,https://www.facebook.com/lakeviewunitedchurch,,,,
44,107592529RR0001,WWW.LAKEWINDERMEREALLIANCE.ORG,Valid,,,,,
45,107592545RR0001,WWW.LAKEWOODALLIANCE.COM,Valid,http://www.facebook.com/pages/Lakewood-Alliance-Church/77503624504,,,,
46,107593030RR0001,WWW.LAMAISONDEJONATHAN.CA,Valid,,,,,
47,107593071RR0001,WWW.MMSF.ORG,Valid,,,,,
48,107593261RR0001,WWW.QUATREFENETRES.COM,Valid,,,,,
49,107593998RR0001,WWW.LAMBETHUNITEDCHURCH.CA,Valid,,,,,
50,107594202RR0001,WWW.LAMBTONELDERLYOUTREACH.ORG,Valid,,,,,
51,107594269RR0001,WWW.LAMBTONCENTRE.COM,Valid,https://www.facebook.com/pages/Lambton-Centre/200078640046957,,,,
52,107594582RR0001,LAMPLIGHTPRESCHOOL.CA,Invalid,,,,,
53,107595092RR0002,LANARKLIBRARY.CA,Valid,,,,,
54,107596025RR0001,WWW.LEFC.CA,Valid,,,,,
55,107596181RR0001,WWW.LANGLEYPRESBYTERIAN.CA,Invalid,,,,,
56,107596637RR0001,WWW.LANSDOWNEPRESCHOOL.COM,Valid,https://www.facebook.com/lansdowneparentspage,,,,
57,107596702RR0001,WWW.LANSINGNURSERY.ORG,Valid,,,,,
58,107597262RR0001,WWW.PETITEMAISONDELAMISERICORDE.ORG,Valid,https://www.facebook.com/pages/La-Petite-Maison-de-la-Mis%C3%A9ricorde/245114882277410,,,,
59,107597528RR0001,PREMATERNELLEPASSEPARTOUT.COM,Valid,,,,,
60,107597650RR0001,WWW.LARCHEARNPRIOR.COM,Invalid,,,,,
61,107597668RR0001,WWW.LARCHEVANCOUVER.ORG,Valid,http://www.facebook.com/group.php?gid=8263478521,,,,
62,107597684RR0001,WWW.LARCHELETOILE.ORG,Valid,,http://www.linkedin.com/pub/ernie-anastos/9/480/921â€Ž,,http://www.youtube.com/watch?v=kmIl-FMbk34,
63,107597692RR0001,WWW.LARCHEWINNIPEG.ORG,Valid,,,,,
64,107597783RR0001,WWW.LARDERLAKEPUBLICLIBRARY.CA,Valid,,,,,
65,107599250RR0001,WWW.ALZMAURICIE.ORG,Valid,,,,,
66,107599573RR0001,HTTP://WWW.SSVP-MTL.ORG,Valid,,,,,
67,107599706RR0001,WWW.GENEALOGIE.ORG/CLUB/SGAR,Valid,,,,,
68,107599714RR0001,HTTP://WWW.CCFNE.NS.CA/�MUSEUM,Invalid,,,,,
69,107599730RR0001,HTTP://MARIGOT.CA,Valid,,,,,
70,107599748RR0001,WWW.SHSB.MB.CA,Valid,https://www.facebook.com/pages/Centre-du-Patrimoine/234786813250213,,,,
71,107599938RR0001,WWW.POSASDM.ORG,Valid,,,,,
72,107600108RR0001,www.associationbenevolebeaucesartigan.com/benevoles-614-accueil.php,Valid,,,,,
73,107600363RR0001,WWW.ACJQ.QC.CA,Valid,,,,,
74,107600728RR0001,WWW.APHRSO.ORG,Valid,,,,,
75,107600736RR0001,WWW.SPINA.QC.CA,Valid,,,,,
76,107601270RR0001,WWW.GOVANSK.COM,Valid,,,,,
77,107601593RR0001,WWW.LAMCANADA.CA,Valid,http://www.facebook.com/pages/Latin-America-Mission-Canada/161559173895161?ref=ts,,,,
78,107604001RR0001,WWW.LAWRENCEPARKCHURCH.CA,Valid,,,,,
79,107604456RR0001,WWW.LHPA.ORG,Invalid,,,,,
80,107605388RR0001,WWW.LEADSSERVICES.COM,Valid,,,,,
81,107605602RR0001,WWW.LEAMINGTONUNITEDCHURCH.COM,Valid,,,,,
82,107605727RR0001,WWW.LDASVI.BC.CA,Valid,,,,,
83,107605743RR0001,WWW.LDANS.CA,Valid,,,,,
84,107605776RR0001,LDCHATHAM-KENT.ORG,Valid,,,,,
85,107605784RR0001,WWW.NALD.CA/LDANWT.HTM,Invalid,,,,,
86,107605800RR0001,WWW.LDABC.CA,Valid,http://www.facebook.com/LDABC,,http://www.twitter.com/ldabc,http://www.youtube.com/user/ldabc,
87,107605818RR0001,WWW.LDALONDON.CA,Valid,,,,,
88,107606014RR0001,WWW.LEASIDEPRESBYTERIANCHURCH.CA,Valid,,,,,
89,107606303RR0001,LESPETITSSOLEIL.STE.VOILA.FR,Invalid,,,,,
90,107606311RR0001,WWW.ARQUEMUSE.COM,Valid,http://www.facebook.com/profile.php?id=100001080901092,,,,
91,107606584RR0001,CABSHAWINIGAN.ORG,Valid,https://www.facebook.com/cab.shawinigan,,,,
92,107606592RR0001,WWW.CENTREBENEVOLATSHYACINTHE.QC.CA,Invalid,,,,,
93,107606709RR0001,WWW.ENTRAIDERACINELAVOIE.ORG,Valid,,,,,
94,107607012RR0001,WWW.CFGPRDL.ORG,Valid,,,,,
95,107607038RR0001,CENTREGOELAND.ORG,Valid,,,,,
96,107607418RR0001,WWW.COGASPESIE.ORG,Valid,,,,,
97,107607798RR0001,WWW.URSULINESQUEBEC.COM,Valid,,,,,
98,107607822RR0001,WWW.SACREDHEART.QC.CA,Valid,http://www.facebook.com/SacredHeartMontreal,,,http://www.youtube.com/user/TheSacredHeartSchool,
99,107607889RR0001,CEGEPTH.QC.CA,Valid,,,,,
100,107608192RR0001,WWW.CONSEILDESARTSDEHEARST.CA,Valid,https://www.facebook.com/conseil.desarts?ref=tn_tnmn,,,,
101,107608614RR0001,WWW.LFWC.CA,Valid,,,,,
102,107608762RR0001,WWW.COVENANTCHRISTIAN.CA,Valid,,,,,
103,107609281RR0001,WWW.FDOI.ORG,Valid,,,,,
104,107610172RR0001,EBEVD.COM,Valid,,,,,
105,107610180RR0001,EGLISEBAPTISTEDEMONTREAL.CA,Valid,,,,,
106,107610636RR0001,WWW.HAVREDUFJORD.COM,Valid,http://www.facebook.com/pages/Havre-du-Fjord/300905573343620,,,,
107,107611600RR0001,NATURESCIENCES.QC.CA,Valid,,,,,
108,107611626RR0001,WWW.LACITADELLE.QC.CA,Valid,https://www.facebook.com/CitadelleQuebec,,,http://www.youtube.com/user/museeroyal?blend=5&amp;ob=5,
109,107611733RR0001,LENDRUMCHURCH.CA,Valid,http://www.facebook.com/villagesedmonton,,,,
110,107613473RR0001,PATROLEPREVOST.QC.CA,Valid,http://www.facebook.com/pages/Patro-Le-Prevost/247274715329043,,,,
111,107613622RR0001,WWW.COLLEGEFDL.CA,Valid,http://www.facebook.com/collegefdl,,,,
112,107613796RR0001,WWW.DUKEOFED.ORG,Valid,http://www.facebook.com/dukeofedcanada,http://www.linkedin.com/groups/Duke-Edinburghs-Award-Canada-4413097,,http://www.youtube.com/DOECanada,
113,107613903RR0001,RASJM@GC.AIRA.COM,Invalid,,,,,
114,107614000RR0001,WWW.RAPSIM.ORG,Valid,,,,,
115,107615031RR0001,LESCALEPOURELLE.ORG,Valid,,,,,
116,107615825RR0001,WWW.EMMS.CA,Valid,,,,,
117,107616575RR0001,WWW.LESEUIL.QC.CA,Valid,,,,,
118,107617581RR0001,WWW.GFGSESTRIE.CA,Valid,http://www.facebook.com/people/Grands-Fr%C3%A8res-Grandes-Soeurs/100002566671201,,,http://www.youtube.com/watch?v=LMG8EVEwdA8,
119,107619165RR0001,WWW3.TELEBENECINTERNET.COM/BENEDICTINES,Invalid,,,,,
120,107619322RR0001,WWW.MAISONDUPERE.ORG,Valid,https://www.facebook.com/MaisonduPere,,,http://www.youtube.com/user/maisondupere,
121,107620791RR0001,WWW.SCOUTDELOUTAOUAIS..CA,Invalid,,,,,
122,107620890RR0001,SSSTHABOR.ORG,Valid,,,,,
123,107620908RR0001,SSSTHABOR.ORG,Invalid,,,,,
124,107621443RR0001,WWW.CRIVIER.QC.CA,Valid,,,,,
125,107622532RR0001,WWW.LESTOURNESOLS.ORG,Valid,,,,,
126,107622987RR0001,WWW.LETHBRIDGECOLLEGE.CA,Valid,https://www.facebook.com/LethbridgeCollege,,,https://www.youtube.com/lethbridgecollege,
127,107623068RR0001,WWW.FIRSTB.NET,Valid,,,,,
128,107623241RR0001,WWW.CRHFOUNDATION.CA,Valid,,,,,
129,107623340RR0001,WWW.LETHSD.AB.CA,Valid,,,,,
130,107623423RR0001,WWW.TOURDELIRE.ORG,Valid,,,,,
131,107623654RR0001,www.lls.org/canada,Valid,,,,,
132,107625105RR0001,WWW.LIFEACTION.ORG,Valid,http://www.facebook.com/lifeactionministries,,,,
133,107625196RR0001,STUART DEANS",Invalid,,,,
134,107626145RR0001,WWW.LILLOOETBC.CA,Valid,,,,
135,107626194RR0001,WWW.LILRASCALS.CA,Invalid,,,,
136,107626590RR0001,WWW.LINCOLN.LIBRARY.ON.CA,Valid,http://www.facebook.com/pages/Lincoln-Public-Library/115678635175024,,,
137,107626608RR0001,LRUC.CA,Valid,,,,
138,107626830RR0001,LINDAHOWARTHPRESCHOOL.CA,Valid,,,,
139,107627317RR0001,WWW.BGCKAWARTHALAKES.COM,Valid,http://www.facebook.com/bgckl,,,http://www.youtube.com/user/BGCKL
140,107627341RR0001,WWW.LINDSAYCRC.CA,Valid,,,,
141,107627366RR0001,COMMUNITYLIVINGKL.CA,Valid,,,,
142,107627499RR0001,KNBRIGGS@XPLORNET.CA,Valid,,,,
143,107628497RR0001,WWW.LIONSQUEST.CA,Valid,,,,
144,107628901RR0001,LISLEMEMORIALBAPTIST.ORG,Valid,,,,
145,107629156RR0001,WWW.NWELRC.CA,Valid,,,,
146,107629941RR0001,WWW.LITTLEMOUNTAINCARE.ORG,Valid,,,,
147,107630071RR0001,WWW.LITTLEPEOPLES.CA,Valid,,,,
148,107630873RR0001,WWW.WORLDSERVE.ORG,Invalid,,,,
149,107630881RR0001,WWW.LIVINGBRANCHES.CA,Valid,,,,
150,107630915RR0001,WWW.LIVINGFAITH.NET,Valid,,,,http://www.youtube.com/watch?v=HbsgLP7UEuc
151,107630931RR0001,WWW.LFBC.NET,Valid,,,,
152,107630964RR0001,WWW.LIGHTHOUSETOALLNATIONS.COM,Valid,https://www.facebook.com/pages/Lighthouse-to-all-Nations-Church/103353556388938,,,
153,107631004RR0001,WWW.LIVINGHOPE-CA.ORG,Valid,,,,
154,107631228RR0001,LIVINGWATERASSEMBLY.ORG,Valid,,,,
155,107631293RR0001,WWW.LWCHURCH.CA,Valid,http://www.facebook.com/lwchurchca,,,
156,107631319RR0001,WWW.LIVINGWATERSFAITH.ORG,Valid,,,,
157,107631368RR0001,CONNECTCHURCH.CA,Valid,https://www.facebook.com/connectchurch.abbotsford,,,
158,107631830RR0001,ADULTDAYCENTERS.ORG/LCHAIM,Invalid,,,,
159,107632325RR0001,WWW.LGFWEB.ORG,Valid,,,,
160,107632432RR0001,WWW.LPSD.CA,Valid,,,,
161,107640724RR0001,LOGOSCHURCH.CA,Valid,,,,
162,107641540RR0001,HTTP://LONDESBOROUGHUNITED.COM,Valid,,,,
163,107641573RR0001,WWW.RIGHT2LIFE.CA,Valid,http://www.facebook.com/camilla.cobhamgunnarson?ref=tn_tnmn#!/londonright2life?fref=ts,,,
164,107641581RR0001,WWW.DISCOVERHERITAGE.CA,Invalid,,,,
165,107641722RR0001,WWW.LCRC.ON.CA,Valid,http://www.facebook.com/pages/London-Community-Resource-Centre/112997211711?ref=hl,http://www.linkedin.com/company/2686099,http://www.twitter.com/londonCRC,
166,107641763RR0001,WWW.LONDONCONFERENCE.CA,Valid,https://www.facebook.com/uccyayan,,,http://www.youtube.com/channel/UCwXE33RTsKxV-isk-Ffr_CA
167,107641953RR0001,WWW.LCF.ON.CA,Valid,http://www.facebook.com/pages/London-Community-Foundation/143849571968,http://www.linkedin.com/groups/London-Community-Foundation-3918719?gid=3918719&amp;mostPopular=&amp;trk=tyah ,,http://www.youtube.com/user/Ldncommfdn
168,107641987RR0001,LGT.ORG,Valid,,,,
169,107642035RR0001,WWW.DAYACOUNSELLING.ON.CA,Valid,http://www.facebook.com/pages/Daya-Counselling-Centre/143223122376786,,,http://www.youtube.com/watch?v=A6FsO6nZPXU&amp;feature=youtu.be
170,107642670RR0001,WWW.LPRCA.ON.CA,Valid,,,,
171,107642845RR0001,LONSDALECREEKDAYCARECENTRE.CA,Invalid,,,,
172,107643207RR0001,WWW.LORDOFLIFEMILLWOODS.COM,Valid,,,,
173,107643397RR0001,WWW.ISSD.CA,Invalid,,,,
174,107646358RR0001,WWW.LCC.CA,Valid,https://www.facebook.com/lowercanadacollege,http://www.linkedin.com/groups?mostPopular=&amp;gid=683157,http://www.twitter.com/wearelcc,http://www.youtube.com/lowercanadacollege
175,107646366RR0001,KNOWGOGROW.CA,Invalid,,,,
176,107646408RR0001,WWW.CENTREFORCHILDDEVELOPENT.CA,Invalid,,,,
177,107646481RR0001,WWW.STLEO.CA,Valid,,,,
178,107646556RR0001,WWW.LSCSS.COM,Valid,,,,
179,107646598RR0001,WWW.LTC.ON.CA,Valid,http://www.facebook.com/pages/Lower-Trent-Conservation/197471386942314,,http://www.twitter.com/LowerTrent,
180,107646648RR0001,WWW.LOWVILLEUNITED.CA,Invalid,,,,
181,107646671RR0001,WWW.LOYALISTCOLLEGE.COM,Valid,https://www.facebook.com/loyalistcollege,,,
182,107649170RR0001,WWW.HVH.CA,Valid,,,,
183,107649485RR0001,WWW.LUTESMTNCHURCH.CA,Valid,,,,
184,107649667RR0002,WWW.LCCABC.CA,Valid,,,,
185,107649725RR0001,LCCCENTRAL.CA,Valid,,,,
186,107649766RR0001,WWW.OURSAVIOURCHURCH.CA,Valid,,,,
187,107649782RR0001,WWW.CHURCHOFTHECROSS.CA,Valid,,,,
188,107649824RR0001,WWW.LUTHERANCHURCHOFTHEGOODSHEPHERD.CA,Invalid,,,,
189,107649899RR0001,WWW.LCBI.SK.CA,Valid,https://www.facebook.com/pages/LCBI-High-School/10150089137100296,,,
190,107649931RR0001,WWW.LHMSAC.CA,Invalid,,,,
191,107650061RR0001,WWW.LUTHERCOLLEGE.EDU,Invalid,,,,
192,107650087RR0001,WWW.LUTHERCOURT.ORG,Invalid,,,,
193,107650129RR0001,WWW.LBTC.CA,Valid,http://www.facebook.com/LutheranBibleTranslators,,,
194,107650178RR0001,LUTHERWOOD.CA,Valid,http://www.facebook.com/lutherwoodjobs,http://www.linkedin.com/company/lutherwood/,http://www.twitter.com/lutherwood,http://www.youtube.com/user/LutherwoodCanada
195,107650194RR0001,LUTHERWOOD.CA,Invalid,,,,
196,107651309RR0001,LVPPP.ORG,Valid,,,,
197,107652521RR0001,WWW.MACKAYUNITED.CA,Invalid,,,,
198,107653131RR0001,WWW.MACNEILLBAPTIST.CA,Valid,,,,
199,107653321RR0001,WWW.VANIER.COM,Valid,,,,
200,107653347RR0001,WWW.MVACL.CA,Valid,,,,
201,107654394RR0001,WWW.MAHAGANAPATHYTEMPLE.COM,Valid,,,,
202,107654410RR0001,<MSSOONLINE.ORG>,Invalid,,,,
203,107655029RR0001,WWW.MAINSTREETBAPTIST-SACKVILLE.COM,Valid,,,,
204,107655094RR0001,WWW.MAINSTREETPROJECT.CA,Valid,,,,
205,107655110RR0001,MAINSTREETUNITED.CA,Valid,https://www.facebook.com/pages/Main-Street-United-Church/183124701763351?ref=hl#!/pages/Main-Street-United-Church-Sunday-School/183555221655624,,,
206,107655193RR0001,WWW.BALDWINHOUSE.CA,Valid,,,,
207,107655409RR0001,WWW.BIBLIO.RINALASNIER.QC.CA,Valid,https://www.facebook.com/pages/Biblioth%C3%A8que-Rina-Lasnier/257823450911432,,,
208,107655730RR0001,MDJSTBRUNO.ORG,Valid,,,,
209,107655920RR0001,WWW.MAISONVIVRE.ORG,Valid,,,,
210,107656084RR0001,WWW.CFOPAYS.ORG,Valid,http://www.facebook.com/centre.opays,,,
211,107656100RR0001,WWW.MAISONFRATERNITE.CA,Valid,,,,
212,107656266RR0001,WWW.JESUSOUVRIER.ORG,Invalid,,,,
213,107656274RR0001,MAISONSDEJEUNES.QC.CA,Invalid,,,,
214,107656837RR0001,WWW.MRADISSON.CA,Valid,,,,
215,107657207RR0001,WWW.MVCA.ON.CA,Valid,,,,
216,107657371RR0001,WWW.MAKEAWISHBC.CA,Valid,http://www.facebook.com/pages/Make-A-Wish-Foundation-of-BC-Yukon/148750288516082,,,http://www.youtube.com/user/MakeAWishBC
217,107657678RR0001,WWW.VIU.CA,Valid,http://www.facebook.com/LoveWhereYouLearn,http://www.linkedin.com/companies/vancouver-island-university,,http://www.youtube.com/user/viuchannel
218,107657777RR0001,WWW.LIFE-SPRING.ORG,Valid,,,,
219,107658239RR0001,WWW.MALMOMC.COM,Valid,,,,
220,107658288RR0001,WWW.KENNEIPE.CA/PAGES/KEIR,Invalid,,,,
221,107658361RR0001,WWW.MCASSEMBLY.COM,Valid,https://www.facebook.com/MCAssembly,,,http://www.youtube.com/6705mcassembly
222,107658387RR0001,WWW.MALVERNEMMANUELUC.CA,Valid,,,,
223,107658395RR0001,WWW.MFRC.ORG,Valid,,,,
224,107659369RR0001,WWW.MANHATTANBEACH.MB.CA,Valid,,,,
225,107659427RR0001,RICKHANSEN.COM,Valid,http://www.facebook.com/rickhansenfdn,,,http://www.youtube.com/rickhansenfdn
226,107659831RR0001,WWW.MCCAHOUSE.ORG,Valid,,,,
227,107660151RR0001,WWW.MBGENEALOGY.COM,Valid,https://www.facebook.com/?sk=lf#!/pages/Manitoba-Genealogical-Society-Inc/7054423205,,http://www.twitter.com/MbGenealogy,
228,107660193RR0001,WWW.MHRC.MB.CA,Valid,https://www.facebook.com/pages/Manitoba-Health-Research-Council/424563800923492,,http://www.twitter.com/DiscoverMitacs:,
229,107660292RR0001,www.micec.com,Valid,http://www.facebook.com/micec.mb,,,
230,107660367RR0001,WWW.MIAONLINE.ORG,Valid,,,,
231,107660680RR0001,WWW.PRINTMAKERS.MTS.CA,Invalid,,,,
232,107660979RR0001,WWW.MBWI.ORG,Valid,https://www.facebook.com/pages/Manitoba-Womens-Institute/557282304320877,,,
233,107661050RR0001,WWW.CLMANITOULIN.CA,Invalid,,,,
234,107662025RR0001,MANORROADNURSERY.COM,Invalid,,,,
235,107662041RR0001,MANOTICKCNS.ORG,Invalid,,,,
236,107662819RR0001,WWW.MAPLECITYBAPTISTCHURCH.COM,Valid,,,,
237,107662827RR0001,WWW.ACTIVELIFESTYLECENTRE.ORG,Invalid,,,,
238,107663288RR0001,MAPLEPARKALLIANCECHURCH.CA,Valid,,,,
239,107663312RR0001,WWW.THEACTMAPLERIDGE.ORG,Valid,,,,
240,107663320RR0001,www.ridgebaptist.ca,Valid,,,,
241,107663403RR0001,WWW.FAMILYED.BC.CA,Valid,http://www.facebook.com/FamilyEducationAndSupportCentre,,,
242,107663437RR0001,WWW.MAPLERIDGEMUSEUM.ORG,Valid,,,,
243,107663874RR0001,WWW.MARANATHACHRISTIAN.CA,Valid,,,,
244,107663890RR0001,WWW.HARVESTCITY.SK.CA,Valid,https://www.facebook.com/hcc.zambia?ref=ts&amp;fref=ts,,,
245,107663981RR0001,WWW.MARANATHA-CRC.CA,Valid,,,,
246,107663999RR0001,WWW.MARANATHACRC.ORG,Valid,,,,
247,107664013RR0001,WWW.MEMBERS.SHAW.CA/MARANATHA.CRC.,Valid,,,,
248,107664047RR0001,MEFREE.CA,Valid,,,,
249,107667701RR0002,WWW.MARIANOPOLIS.EDU,Valid,https://www.facebook.com/events/234772830062589/?ref=22,,,https://www.youtube.com/watch?v=A6cZgY6ZxwA
250,107668998RR0001,WWW.MARINEMUSEUM.CA,Valid,,,,
251,107669848RR0009,WWW.PEISDA.ORG,Valid,,,,
252,107669848RR0020,WWW.MARITIMESDA.COM,Valid,,,,
253,107672495RR0001,WWW.MMUC.ORG,Valid,,,,
254,107673345RR0001,WWW.MARTINLUTHERCHURCHVANCOUVER.COM,Valid,,,,
255,107673733RR0001,WWW.MARTYRS-SHRINE.COM,Valid,,,,
256,107676009RR0001,WWW.MMOC.CA,Valid,https://www.facebook.com/MMOCYouthMinistry,,,
257,107676017RR0001,MARYMOUND.COM,Valid,,,,
258,107677114RR0001,WWW.MASSEYAREAMUSEUM.COM,Valid,,,,
259,107680092RR0001,MAYFIELDUNITEDCHURCH.ORG,Valid,,,,
260,107682593RR0001,WWW.MCGREGORCHILDCARE.COM,Valid,,,,
261,107682890RR0001,MCIVORCHURCH.COM,Valid,https://www.facebook.com/pages/McIvor-Avenue-Mennonite-Brethren-Church/119727261437458?fref=ts,,,
262,107683195RR0001,EDMONTON1ST.MENNONITECHURCH.AB.CA,Valid,,,,
263,107683229RR0001,WWW.MCKILLOPUNITED.CA,Valid,http://www.facebook.com/pages/McKillop-United-Church/226837016271?ref=ts,,,
264,107683328RR0001,WWW.MCLARENHOUSING.COM,Valid,,,,
265,107683989RR0001,WWW.CENTRETOWNUNITED.ORG,Valid,,,,
266,107684086RR0001,WWW.MCMASTER.CA/CHAPLAIN,Invalid,,,,
267,107684466RR0001,MCPHAILBAPTIST.CA,Valid,,,,
268,107685398RR0001,WWW.BROOKLINRBC.CA,Valid,,,,
269,107685620RR0001,WWW.K-9CHRISTIAN.COM,Valid,,,,
270,107685653RR0001,www.meadowmontessori.ca,Valid,,,,
271,107685745RR0001,WWW.MEADOWRIDGE.BC.CA,Valid,http://www.facebook.com/meadowridge,http://www.linkedin.com/pub/meadowridge-school/2a/6a7/316,,
272,107686016RR0001,WWW.MEAFORD.COM/TOWN/CHURCH.UNITED.HTUL,Invalid,,,,
273,107686388RR0001,WWW.ATWATERLIBRARY.CA,Valid,http://www.facebook.com/#!/pages/Atwater-Library-and-Computer-Centre/197740473587129,,,
274,107687220RR0001,WWW.MCC.CA,Valid,,,,
275,107687725RR0001,WWW.MEDHATCHRISTIANSCHOOL.COM,Valid,,,,
276,107687816RR0001,WWW.COREASSOC.NET,Invalid,,,,
277,107687923RR0001,WWW.MHSANTAFUND.COM,Valid,http://www.facebook.com/SantaClausFund,,,
278,107688483RR0001,WWW.MEEWASINVALLEYVUNITED.COM,Invalid,,,,
279,107689598RR0001,WWW.MELROSEUNITED.CA,Valid,,,,
280,107689879RR0001,MELVILLEUNITED.COM,Valid,,,,
281,107690117RR0001,WWW.BGCLONDON.CA,Invalid,,,,
282,107690273RR0001,WWW.MUN.CA,Valid,,,,https://www.youtube.com/watch?v=Ojgml6dbKwo
283,107690844RR0001,HTTP://MCCALBERTA.CA,Valid,,,,
284,107690877RR0001,WWW.MCC.ORG,Valid,http://www.facebook.com/MennoniteCentralCommittee,,http://www.twitter.com/mccorg,
285,107690885RR0001,WWW.MCCMANITOBA.CA,Valid,http://www.facebook.com/pages/Mennonite-Central-Committee-MCC-Manitoba/114050188625831?ref=mf,,,
286,107690901RR0001,MCCSK.CA,Valid,https://www.facebook.com/pages/Mennonite-Central-Committee-Saskatchewan/189230422175?ref=hl,,,
287,107690927RR0001,WWW.BC.MCC.ORG,Invalid,,,,
288,107690992RR0001,WWW.WELCOMEINN.CA,Valid,,,,
289,107691057RR0001,WWW.MEDA.ORG,Valid,,,,
290,107691065RR0001,WWW.MEISCHOOLS.COM,Valid,http://www.facebook.com/pages/MEI-Schools/121446387975066,,,
291,107691149RR0001,WWW.MNLCT.ORG,Valid,https://www.facebook.com/pages/Mennonite-New-Life-Centre/124938537568073,,,http://www.youtube.com/user/TheMNLCT
292,107691354RR0001,WWW.HABITATSERVICES.ORG,Valid,,,,
293,107691552RR0001,WWW.TURNINGPOINT.CA,Valid,https://www.facebook.com/TurningPointYouthServices,,,
294,107691651RR0001,WWW.MERIDIANFOUNDATION.CA,Valid,,,,
295,107692170RR0001,WWW.MERRITTFAMILYRESOURCES.COM,Valid,,,,
296,107692196RR0001,MERRITTCROSSROADS.COM,Invalid,,,,
297,107692329RR0001,WWW.MERSEAUNITEDCHURCH.COM,Valid,,,,
298,107692543RR0001,WWW.LAKESHORENURSERY.COM,Valid,,,,
299,107693533RR0001,WWW.METOCHOS.CA,Valid,http://www.facebook.com/pages/Metochos-Ministries/110419815664014,,,
300,107693913RR0001,WWW.SILVERA.CA,Valid,http://www.facebook.com/SilveraForSeniors,http://www.linkedin.com/company/silvera-for-seniors,,http://www.youtube.com/watch?v=9KT-8gaFhm4
301,107694119RR0001,WWW.TCDSB.ORG,Valid,,,,
302,107694143RR0001,WWW.COMMUNITYLIVINGTORONTO.CA,Valid,http://www.facebook.com/CLToronto,,,
303,107700791RR0001,WWW.HEALTHUNIT.COM,Valid,https://www.facebook.com/middlesex.london.health.unit,,,https://www.youtube.com/mlhealthunit
304,107700957RR0001,WWW.MIDHURSTUNITEDCHURCH.COM,Valid,,,,
305,107701484RR0001,WWW.MIELS.ORG,Valid,,,,
306,107702250RR0001,WWW.MCF-CANADA.CA,Valid,,,,
307,107702334RR0001,WWW.MILLARCOLLEGE.CA,Invalid,,,,
308,107702342RR0001,WWW.MILLARVILLECOMMUNITYCHURCH.ORG,Invalid,,,,
309,107703555RR0001,FACEBOOK - MILTON BLACKSMITH SHOP & MILTON HERITAGE SOCIETY,Invalid,,,,
310,107703662RR0001,WWW.MMFONLINE.ORG,Invalid,,,,
311,107706111RR0001,WWW.MIRRORALLIANCECHURCH.COM,Valid,,,,
312,107706392RR0001,WWW.MCSC.CA,Valid,https://www.facebook.com/MissingChildrenSocietyofCanada,,,https://www.youtube.com/channel/UCXmG31GMpFeHxAa_Wc2wxzA
313,107706418RR0001,WWW.MISSIONALLIANCE.CA,Valid,,,,
314,107706426RR0001,WWW.MISSIONARTSCOUNCIL.CA,Valid,http://www.facebook.com/MissionArtsCentre,,,
315,107706525RR0001,WWW.EMCC.CA,Valid,,,,
316,107706574RR0001,WWW.MISSIONACL.ORG,Valid,https://www.facebook.com/pages/Mission-Association-for-Community-Living/466715833418155,,,
317,107706723RR0001,MISSIONCOMMUNITYSERVICES.COM,Valid,,,,
318,107706855RR0001,WWW.LABONNENOUVELLE.NB.CA,Invalid,,,,
319,107707226RR0001,WWW.MISSISQUOIMUSEUM.CA,Valid,,,,
320,107707440RR0001,WWW.MVC.ON.CA,Valid,https://www.facebook.com/pages/Mississippi-Valley-Conservation-Authority/172684979452318/,,,
321,107716029RR0001,WWW.MOHAWKCOLLEGE.CA,Valid,http://www.facebook.com/mohawkcollege,http://www.linkedin.com/company/20545,,http://www.youtube.com/mohawkcollege
322,107716623RR0001,WWW.MOMIJI.ON.CA,Valid,http://www.facebook.com/pages/Momiji-Health-Care-Society/173821459317723,,,
323,107717076RR0001,WWW.NEWJOURNEY.CA,Valid,,,,
324,107717100RR0001,WWW.MONCTONCOMMUNITYRESIDENCES.COM,Valid,,,,
325,107717191RR0001,WWW.SOUTH-EASTDEAF.NB.CA,Valid,https://www.facebook.com/profile.php?id=1283965053,,,
326,107717357RR0001,WWW.MONCTONWESLEYAN.COM,Valid,https://www.facebook.com/MonctonWesleyan,,,
327,107718140RR0001,WWW.MPEFC.CA,Valid,,,,
328,107718199RR0001,WWW.VANCOUVERMONTESSORIDAYCARE.CA,Valid,,,,
329,107718793RR0001,WWW.MCL-BJM.CA,Valid,,,,http://www.youtube.com/watch?v=4crRRBOIy7o
330,107718868RR0001,WWW.MONTREALCITYMISSION.ORG,Valid,,,,
331,107718983RR0001,WWW.MUHC.CA,Valid,,http://www.linkedin.com/company/mcgill-university-health-centre,,http://www.youtube.com/user/CUSMMUHC
332,107723066RR0001,WWW.BRIGDENFAIR.CA,Invalid,,,,
333,107723306RR0001,WWW.MJCCC.CA,Valid,,,,
334,107723538RR0001,WWW.FHHR.CA,Valid,,,,
335,107724478RR0001,TFHCHURCH.CA,Valid,,,,
336,107724981RR0001,WWW.MCWE.COM,Valid,https://www.facebook.com/officialmorriscerullo,,,http://www.youtube.com/drmorriscerullo
337,107725384RR0001,WWW.MACCPF.CA,Valid,,,,
338,107725475RR0001,WWW.MORSEMUSEUM.NING.COM,Invalid,,,,
339,107725673RR0001,MORWEENA.CA,Valid,,,,
340,107725863RR0001,MOTHERGOOSECOOPERATIVEPRESCHOOL.CA,Valid,,,,
341,107726481RR0001,MOUNTAINVIEWALLIANCE.CA,Valid,,,,
342,107726515RR0001,www.asc-mva.ab.ca,Valid,https://www.facebook.com/#!/pages/Accredited-Supports-to-the-Community/193155850829670?fref=ts,,,
343,107726648RR0001,WWW.ONPLACE.CA,Invalid,,,,
344,107726739RR0001,MTVIEW.CA,Valid,,,,
345,107726820RR0001,WWW.MTA.CA,Valid,https://www.facebook.com/mountallison,,,http://www.youtube.com/user/mountallison
346,107726911RR0001,WWW.MOUNTCALVARY.COM,Valid,,,,
347,107726945RR0001,WWW.MOUNTCALVARY.CA,Valid,,,,
348,107726952RR0001,WWW.MOUNTCARMEL.NET,Valid,,,,
349,107727281RR0001,MOUNTNEWTONCENTRE.ORG,Valid,,,,
350,107727430RR0001,WWW.MPRBC.ORG,Valid,,,,
351,107727570RR0001,WWW.CRSD.AB.CA,Invalid,,,,
352,107727919RR0001,WWW.MZCHURCH.ORG,Valid,,,,
353,107727950RR0001,WWW.MTZIONLUTHERAN.CA,Valid,,,,
354,107727976RR0001,WWW.MOUNTZIONRETREATCENTRE.COM,Valid,,,,
355,107728206RR0001,WWW.MSCCR.COM,Valid,http://www.facebook.com/pages/Cap-Rouge-QC/Mouvement-des-Services-a-la-Communaute-du-Cap-Rouge/135424474082,,,
356,107728271RR0001,WWW.ATTENTIONFRAGILES.ORG,Valid,,,,
357,107745929RR0001,WWW.MULGRAVEPARKBAPTIST.COM,Valid,,,,
358,107746042RR0001,WWW.MCOS.CA,Invalid,,,,
359,107746174RR0001,WWW.MSSOCIETY.CA,Invalid,,,,
360,107746174RR0002,WWW.MSSOCIETY.CA,Invalid,,,,
361,107746174RR0003,WWW.MSSOCIETY.CA/ATLANTIC,Invalid,,,,
362,107746174RR0004,WWW.MSSOCIETY.CA,Invalid,,,,
363,107746174RR0005,WWW.MSSOCIETY.CA,Invalid,,,,
364,107746174RR0006,WWW.MSSOCIETY.CA,Invalid,,,,
365,107746174RR0007,WWW.MSSOCIETY.CA,Invalid,,,,
366,107754897RR0001,WWW.MUPPETSPRESCHOOL.CA,Valid,,,,
367,107755761RR0001,WWW.MURRAYSTREETBAPTIST.ORG,Valid,https://www.facebook.com/murraystreet.baptistchurch?fref=ts,,,
368,107755837RR0001,www.muscle.ca,Valid,https://www.facebook.com/223643392480,,https://www.twitter.com/md_canada,//www.youtube.com/user/musculardystrophycan
369,107755886RR0001,WWW.MUSEEBEAULNE.QC.CA,Valid,http://www.facebook.com/pages/Mus%C3%A9e-Beaulne/163224930454865,,,
370,107755894RR0001,WWW.MACM.ORG,Valid,http://www.facebook.com/macmontreal,,http://www.twitter.com/macmtl,http://www.youtube.com/macmvideos
371,107755928RR0001,HTTP://WWW.MCQ.ORG,Valid,http://www.facebook.com/mcqorg,,,http://www.youtube.com/mcqpromo
372,107756025RR0001,WWW.MUSEEDUFJORD.COM,Valid,https://www.facebook.com/pages/Le-Mus%C3%A9e-du-Fjord/118098813663,http://www.linkedin.com/company/mus-e-du-fjord,,http://www.youtube.com/user/museedufjord
373,107756066RR0001,WWW.MUSEE-TRACADIE.COM,Valid,,,,
374,107756207RR0001,WWW.TEXTILEMUSEUM.CA,Valid,http://www.facebook.com/home.php#!/textilemuseumofcanada,,,http://www.youtube.com/watch?v=StA21scQ56g
375,107756231RR0001,WWW.MUSEUMOFNORTHERNBC.COM,Valid,,,,
376,107756504RR0001,WWW.MBC.ON.CA,Valid,,,,
377,107756553RR0001,WWW.MUSKOKAFAMILYFOCUS.COM,Valid,https://www.facebook.com/pages/Muskoka-Family-Focus-Childrens-Place/233339436690082,,,
378,107756579RR0001,WWW.MUSKOKA.COM/TOURISM/MLM,Valid,,,,
379,107756819RR0001,WWW.MUSTARDSEEDCANADA.ORG,Valid,http://www.facebook.com/mustardseedinternational,,http://www.twitter.com/mustardseedorg,
380,107758054RR0001,WWW.M2W2.COM,Valid,https://www.facebook.com/M2W2Association?ref=hl,http://www.linkedin.com/groups/M2-W2-Association-5100601/about?trk=anet_ug_grppro,,http://www.youtube.com/watch?feature=player_embedded&#038;v=KAdrn--6pIk
381,107758096RR0001,WWW.NAAMAT.COM,Valid,http://www.facebook.com/pages/Naamat/146650302083247?ref=ts&amp;fref=ts,,,http://www.youtube.com/user/NaamatCanada
382,107758815RR0001,WWW.NANAIMOALLIANCE.COM,Valid,https://www.facebook.com/NanaimoAllianceChurch,,,
383,107758823RR0001,WWW.NANAIMOARTSALIVE.COM,Valid,http://www.facebook.com/NanaimoArtsAlive,,,
384,107758831RR0001,WWW.VICRISIS.CA,Valid,http://www.facebook.com/pages/Vancouver-Island-Crisis-Society-Youth/412126468846863,,,
385,107758849RR0001,NANAIMOACL.COM,Valid,http://www.facebook.com/nanaimoacl,,,
386,107758898RR0001,NANAIMOCHRISTIANSCHOOL.CA,Invalid,,,,
387,107758989RR0001,NANAIMOMUSEUM.CA,Valid,https://www.facebook.com/NanaimoMuseum,,,
388,107759011RR0001,WWW.NFLABC.ORG,Valid,http://www.facebook.com/pages/Nanaimo-Family-Life-Association/447668528623973,,,
389,107759862RR0001,BOMBERCOMMANDMUSEUM.CA,Valid,http://www.facebook.com/pages/Bomber-Command-Museum-of-Canada/101722206538665,,http://www.twitter.com/BCMofCanada,http://www.youtube.com/user/bombercommandmuseum
390,107760282RR0001,WWW.CREATED4ME.CA,Valid,,,,
391,107761694RR0014,WWW.SCOUTS.CA,Valid,http://www.facebook.com/scoutscanada,http://www.linkedin.com/company/scouts-canada,,http://www.youtube.com/scoutscanada
392,107761694RR0028,WWW.SCOUTS.CA,Invalid,,,,
393,107761694RR0085,WWW.QC.SCOUTS.CA,Valid,,,,
394,107761694RR0097,WWW.NS.SCOUTS.CA,Valid,,,,
395,107761694RR0186,WWW.SCOUTS.CA,Invalid,,,,
396,107761694RR0194,WWW.SCOUTS.CA,Invalid,,,,
397,107761710RR0001,NCJWC.ORG,Valid,,,,
398,107761744RR0001,WWW.NCJWVANCOUVER.ORG,Valid,http://www.facebook.com/NCJWvancouver,,,
399,107761975RR0001,WWW.NEADS.CA,Valid,,,,
400,107762163RR0001,WWW.MAGAZINE-AWARDS.COM,Valid,https://www.facebook.com/media/set/?set=a.383210348403372.89603.190062084384867&#38;type=3,http://www.linkedin.com/groups/National-Magazine-Awards-Foundation-4002310?trk=myg_ugrp_ovr,,
401,107764557RR0001,WWW.NYOC.ORG,Valid,http://www.facebook.com/pages/National-Youth-Orchestra-of-CanadaOrchestre-national-des-jeunes-du-Canada/47238357168,,,http://www.youtube.com/nyoconjc
402,107764573RR0001,WWW.CSSM.CA,Valid,https://www.facebook.com/pages/One-Hope-Canada/627362373966476,,,
403,107764573RR0002,WWW.BC.CSSM.CA,Valid,,,,
404,107764573RR0003,WWW.CSSM.CALAB,Invalid,,,,
405,107764573RR0005,WWW.FAITHBIBLECAMP.CA,Valid,,,,
406,107764573RR0006,WWW.CSSM.CA/LIVINGSTONE,Invalid,,,,
407,107764573RR0009,WWW.CSSM.CA,Valid,https://www.facebook.com/pages/One-Hope-Canada/627362373966476,,,
408,107764573RR0010,WWW.CSSM.CA,Invalid,,,,
409,107764573RR0020,WWW.ROSSHAVENBIBLECAMP.COM,Valid,,,,
410,107764573RR0021,SILVERSIDES.CA,Valid,,,,
411,107764573RR0025,WWW.CSSM.CA/MIRAMICHI,Invalid,,,,
412,107764573RR0028,www.roseauriver.ca,Valid,http://www.facebook.com/roseauriverbiblecamp,,,
413,107764805RR0001,NCSNWT.COM,Valid,,,,
414,107764888RR0001,WWW.NCSA.CA,Valid,,,,
415,107766131RR0001,WWW.NDG.CA,Valid,,,,
416,107766164RR0001,WWW.NDGSCC.CA,Valid,http://www.facebook.com/pages/NDG-Senior-Citizens-Council/153109618067274,,,
417,107766347RR0001,WWW.VANDERHOOFMUSEUM.CA,Invalid,,,,
418,107766388RR0001,NECHI.COM,Valid,http://www.facebook.com/pages/Nechi-Training-Research-Health-Promotions-Institute/36684391502,,,
419,107766560RR0001,WWW.NEERLANDIACRC.ORG,Valid,,,,
420,107767675RR0001,WWW.NEPEANBAPTIST.CA,Valid,,,,
421,107767733RR0001,NEPEANMUSEUM.CA,Valid,http://www.facebook.com/NepeanMuseum,,,
422,107768087RR0001,WWW.MISSA@PEARSONCOLLEGE.CA,Invalid,,,,
423,107768665RR0001,WWW.NEWBERN.BC.CA,Valid,,,,
424,107768749RR0001,WWW.NBACL.NB.CA,Valid,,,,
425,107769044RR0001,WWW.NB.LUNG.CA,Valid,http://www.facebook.com/pages/Quit-Happens/128432960570218,,,http://www.youtube.com/thenblungassociation
426,107769150RR0001,WWW.NBWI.CA,Valid,,,,
427,107769499RR0001,WWW.RVCCLONDON.CA,Valid,http://www.facebook.com/groups/200683140030764/,,,
428,107769598RR0001,www.breakforthministries.com,Valid,http://www.facebook.com/login.php,,,
429,107769655RR0001,LENDINGTHUNDERBIRDLODGE@SASKTEL.NET,Valid,,,,
430,107770034RR0002,WWW.NEWLABCONF.COM,Valid,,,,http://www.youtube.com/user/unitedchurchofcanada
431,107770067RR0001,WWW.HISTORICTRUST.CA,Valid,http://www.facebook.com/NLHistoricTrust,,,
432,107770422RR0001,WWW.NHCC-BC.COM,Valid,,,,
433,107770638RR0001,NEWLIFEHEARST.CA,Valid,,,,
434,107770703RR0001,NIL,Invalid,,,,
435,107770877RR0001,COCHRANECOMMUNITYCHURCH.COM,Invalid,,,,
436,107770976RR0001,NEWLIFECALGARY.ORG,Valid,https://www.facebook.com/pages/New-Life-Community-Church/132573146780962,,,
437,107771081RR0001,WWW.NEWLIFEMISSION.CA,Valid,https://www.facebook.com/newlifemissionkamloops,,,
438,107771164RR0001,S,Invalid,,,,
439,107771321RR0002,WWW.NEWMAN.EDU,Valid,,http://www.linkedin.com/company/newman-theological-college?trk=company_name,,
440,107771727RR0001,WWW.NOVAVITA.ORG,Valid,,,,
441,107771982RR0001,WWW.NEWTONBROOKUNITEDCHURCH.CA,Valid,http://www.facebook.com/pages/Cummer Avenue-United-Church/414071975275727,,,
442,107772139RR0001,CANADA.NTM.ORG,Valid,http://www.facebook.com/newtribes,,,https://www.youtube.com/embed/PN0PqSG7JL4?rel=0
443,107772154RR0001,NEWVIEWSOCIETY.ORG,Valid,,,,
444,107772337RR0001,WWW.NWEFC.ORG,Invalid,,,,
445,107773046RR0001,WWW.NADAS.ON.CA,Invalid,,,,
446,107773053RR0001,WWW.NAC.ORG,Valid,,,,
447,107773111RR0001,WWW.NCNW.NET,Valid,,,,
448,107773228RR0001,WWW.NIAGARACOMMUNITYCHURCH.ORG,Valid,,,,
449,107773483RR0001,PATHSTONEMENTALHEALTH.CA,Valid,https://www.facebook.com/pages/Pathstone-Mental-Health/165258670258529,,https://www.twitter.com/EllisPathstone,http://www.youtube.com/watch?v=Vi5vSXUDCBs
450,107773780RR0001,WWW.NTEC-NSS.COM,Valid,,,,
451,107774184RR0001,WWW.NICKELDISTRICT.CA,Valid,https://www.facebook.com/nickel.district,,,http://www.youtube.com/user/ConservationSudbury
452,107774523RR0001,WWW.NVEFC.SHAWBIZ.CA,Valid,,,,
453,107774598RR0001,WWW.NVIT.CA,Valid,https://www.facebook.com/pages/NVIT/124687200955954,,,https://www.youtube.com/user/MyNVIT
454,107775298RR0001,WWW.NIPAWIN.ORG,Valid,https://www.facebook.com/NipawinBibleCollege,,http://www.twitter.com/https://twitter.com/jasonelfordNBC,http://www.youtube.com/user/NipawinBibleCollege?feature=watch
455,107775785RR0001,WWW.PCRS.CA,Valid,http://www.facebook.com/home.php?#!/pages/Pacific-Community-Resources-Society/366121901135,,,
456,107775835RR0001,HTTP://WWW.KNET.CA/AGENCIES/FRIENDSHIP.HTML,Invalid,,,,
457,107777880RR0001,WWW.NGH.ON.CA,Valid,http://www.facebook.com/group.php?gid=139055059468985&ref=ts,,,
458,107777997RR0001,WWW.NORFOLKCHURCH.ON.CA,Valid,,,,
459,107778870RR0001,NKPRESCHURCH.SASKTELWEBSITE.NET,Invalid,,,,
460,107779712RR0001,NORTEP-NORPAC.SK.CA,Valid,,,,
461,107779746RR0001,WWW.NAIM.CA,Valid,https://www.facebook.com/naim.ministries,http://www.linkedin.com/company/north-america-indigenous-ministries,,http://www.youtube.com/NAIMonUTube
462,107779746RR0002,WWW.NAIM.CA,Invalid,,,,
463,107779761RR0001,WWW.NABCONFERENCE.ORG,Valid,https://www.facebook.com/NorthAmericanBaptists,,,
464,107780074RR0001,NORTHBAYLITERACYCOUNCIL.CA,Invalid,,,,
465,107780629RR0001,WWW.NCCAREGINA.CA,Valid,http://www.facebook.com/pages/North-Central-Community-Association/167842963232216,,,
466,107780744RR0001,WWW.NORTHDELTAPPP.COM,Invalid,,,,
467,107780785RR0001,NORTHDOUGLASCHURCH.ORG,Valid,,,,
468,107781007RR0001,WWW.NEACHURCH.CA,Valid,,,,
469,107781205RR0001,WWW.NAIT.CA,Valid,,,http://www.twitter.com/NAIT,
470,107781296RR0001,WWW.NCEM.CA,Valid,http://www.facebook.com/pages/Northern-Canada-Evangelical-Mission/129747593747605#!/pages/Northern-Canada-Evangelical-Mission/129747593747605?v=app_4949752878,,,
471,107781742RR0001,NORTHERNLIFEMUSEUM.COM,Valid,,,,
472,107781882RR0001,WWW.NLSD113.COM,Valid,,,,
473,107781924RR0001,WWW.NNEC.ON.CA,Valid,,,,
474,107782369RR0001,WWW.NFCS.CA,Valid,,,,
475,107782559RR0001,WWW.COMMUNITYLIVINGNORTHGRENVILLE.CA,Valid,https://www.facebook.com/pages/Community-Living-North-Grenville/108901402473129,,,
476,107782575RR0001,WWW.CLNH.ON.CA,Valid,https://www.facebook.com/pages/Community-Living-North-Halton/236992383092473,,,
477,107782609RR0001,WWW.LITERACYNH.ORG,Valid,,,,
478,107782765RR0001,WWW.NIC.BC.CA,Valid,,,,
479,107782906RR0001,KCHC.CA,Valid,http://www.facebook.com/KingstonCHC,,,
480,107782989RR0001,NORTHLANDBIBLECHAPELMINISTRIES.COM,Valid,,,,
481,107783110RR0001,WWW.NORTHLAND61.AB.CA,Valid,https://www.facebook.com/NorthlandSchoolDivisionNo61?ref=hl,,,
482,107783151RR0001,WWW.NORTHLEAUNITED.CA,Valid,https://www.facebook.com/pages/Northlea-United-Church/169913119720571,,,
483,107783169RR0001,WWW.NORTHLEAUNITEDCHURCH.COM,Valid,,,,
484,107783227RR0001,NORTHMINSTERUNITED.COM,Valid,,,,
485,107783284RR0001,WWW.NORTHMINSTER.CA,Valid,https://www.facebook.com/groups/12723565463/,,,
486,107783433RR0001,NOCCS.COM,Invalid,,,,
487,107783482RR0001,NONA-CDC.COM,Valid,http://www.facebook.com/NONAChildDevelopmentCentre,,,
488,107783615RR0001,capitalcityvolunteers.org,Valid,,,,
489,107783888RR0001,WWW.NEWCITYCHURCH.CA,Valid,,,,
490,107784076RR0001,WWWNSCONNEXIONS.ORG,Invalid,,,,
491,107784308RR0001,LIVINGSYSTEMS.CA,Valid,,,,
492,107784316RR0001,WWW.NSCSS.NET,Valid,,,,
493,107784399RR0001,WWW.COLLINGWOOD.ORG,Valid,http://www.facebook.com/pages/Collingwood-School/153302904721667?sk=wall,http://www.linkedin.com/groups?home=&amp;gid=3706309&amp;trk=anet_ug_hm,,
494,107784696RR0001,WWW.NORTHSIDECHURCHOFCHRISTINCALGARY.COM,Invalid,,,,
495,107785115RR0001,WWW.NTCS.ON.CA,Valid,http://www.facebook.com/ntcschool,,,
496,107785248RR0001,WWW.NORTHUMBERLANDCHRISTIANSCHOOL.COM,Valid,,,,
497,107785339RR0001,WWW.NORTHUMBERLANDUNITEDWAY.CA,Valid,https://www.facebook.com/pages/Northumberland-United-Way/61851907835,,http://www.twitter.com/nlanduw,http://www.youtube.com/user/NlandUnitedWay
498,107785628RR0001,WWW.VANGUARDCOLLEGE.COM,Valid,,,,
499,107785685RR0001,www.nwmc.ca,Valid,,,,
500,107785800RR0001,WWW.NWHU.ON.CA,Valid,,,,
501,107785859RR0001,WWW.NWOSPORTSHALLOFFAME.COM,Valid,http://www.facebook.com/pages/Thunder-Bay-ON/NWO-Sports-Hall-of-Fame-and-Museum/259816551287?v=wall&amp;ref=nf,,,http://www.youtube.com/user/nwosport
502,107786055RR0001,NWLB.CA,Valid,,,,
503,107786154RR0001,WWW.NWRC.SK.CA,Valid,https://www.facebook.com/NWRCollege,,,
504,107786162RR0001,WWW.SWANRIVERLIBRARY.CA,Valid,http://www.facebook.com/?ref=logo#!/pages/Northwest-Regional-Library/184968444852313,,,
505,107786584RR0001,WWW.ADVENTHEALTH.ORG,Valid,,,,
506,107786683RR0001,WWW.PREGNANCYCARECENTRE.ORG,Valid,,,,
507,107786733RR0001,WWW.NYGH.ON.CA,Valid,https://www.facebook.com/#!/pages/North-York-General-Hospital/276483752369160,,http://www.twitter.com/NYGH_News,http://www.youtube.com/user/NYGHNews
508,107787087RR0001,WWW.NORWESTCOOP.CA,Valid,https://www.facebook.com/pages/NorWest-Co-op-Community-Health/193978229794?fref=ts,,,https://www.youtube.com/user/NorwestCoop
509,107787590RR0001,WWW.NDH.ON.CA,Valid,,,,
510,107787780RR0001,WWW.NVCA.ON.CA,Valid,http://www.facebook.com/pages/Nottawasaga-Valley-Conservation-Authority/503198026408012,,,
511,107788192RR0001,WWW.NSCAD.CA,Valid,,,,
512,107788408RR0001,HTTP://HIGHLANDVILLAGE.MUSEUM.GOV.NS.CA,Valid,,,,
513,107788663RR0001,WWW.LIFESAVING SOCIETY.NS.CA,Invalid,,,,
514,107789133RR0001,WWW.NOVASCOTIASPORTHALLOFFAME.COM,Valid,http://www.facebook.com/pages/Nova-Scotia-Sport-Hall-of-Fame/116064731766960,http://www.linkedin.com/company/nova-scotia-sport-hall-of-fame,,http://www.youtube.com/channel/UCvIoqGnT5eKU722WcrXkvGg
515,107789828RR0001,WWW.NWTABILITY.CA,Valid,https://www.facebook.com/laurie.mclean.31?ref=tn_tnmn#!/pages/MS-Lives-North-of-60/197443376962989,,,
516,107789877RR0001,WWW.NYAD.ORG,Valid,,,,
517,107790255RR0001,WWW.OAKLANDSCHAPEL.ORG,Valid,,,,
518,107790313RR0001,OAKPARK.CA,Invalid,,,,
519,107790446RR0001,WWW.OAKRIDGE.LONDON.ON.CA,Valid,,,,
520,107790552RR0001,WWW.OAKCL.ORG,Valid,,,,
521,107790560RR0001,WWW.BBBSHALTON.CA,Valid,http://www.facebook.com/groups/57283728330/,http://www.linkedin.com/company/big-brothers-big-sisters-of-halton-oakville,/halton/en/home/www.twitter.com/BBBSHalton,
522,107790610RR0001,WWW.OCSONLINE.ORG,Valid,,,,
523,107790628RR0001,WWW.DISTRESSCENTREOAKVILLE.COM,Valid,http://www.facebook.com/pages/Distress-Centre-Oakville/293389194089120,http://www.linkedin.com/company/distress-centre-oakville,,
524,107790693RR0001,WWW.OP-CC.CA,Valid,http://www.facebook.com/pages/Oakville-Parent-Child-Centre/86294446032,,,https://www.youtube.com/user/OPCClearning
525,107792111RR0001,WWW.OFFICECOM.QC.CA,Valid,,,,
526,107792178RR0001,DIOCESE-TROIS-RIVIERES.ORG,Valid,https://www.facebook.com/pages/Maison-Le-Chemin/790125347683375?ref=hl,,,
527,107792814RR0001,OGPAC.NET,Valid,https://www.facebook.com/pages/Ogpac/302739483090379?sk=wall,,,
528,107793267RR0001,OKFALLSUNITED.CA,Valid,,,,
529,107793424RR0001,WWW.COCDA.COM,Valid,http://www.facebook.com/pages/Central-Okanagan-Child-Development-Association/182454725135547?sk=app_211011818917630,,,
530,107793580RR0001,WWW.ENOWKINCENTRE.CA,Valid,,,,
531,107794000RR0001,WWW.OLDEFORGE.CA,Valid,,,,
532,107794141RR0001,OLDSNAZ@AIRENET.COM,Valid,,,,
533,107794158RR0001,WWW.OLDSCOLLEGE.CA,Valid,http://www.facebook.com/olds.college,,http://www.twitter.com/oldscollege,http://www.youtube.com/user/OldsCollegeComm
534,107794323RR0002,WWW.OLDSTPAULS.COM.,Invalid,,,,
535,107794331RR0001,WWW.OLDSUNCOLLEGE.COM/OLDSUNCC,Invalid,,,,
536,107794349RR0001,WWW.OLDSUNITED.CA,Invalid,,,,
537,107794430RR0001,NCOSTAIN2@PEI.SYMPATICO.CA,Invalid,,,,
538,107795031RR0001,WWW.OLIVET.BC.CA,Valid,http://www.facebook.com/pages/Olivet-Baptist-Church/244560678963582,,,
539,107795106RR0001,WWW.OLIVETUNITEDCHURCH.COM,Valid,,,,
540,107796393RR0001,WWW.ONGWANADA.COM,Valid,http://www.facebook.com/ongwanada1,,,
541,107796682RR0001,WWW.OAA.ON.CA,Valid,,,,
542,107796690RR0001,WWW.OAAG.ORG,Valid,http://www.facebook.com/pages/Ontario-Association-of-Art-Galleries/145498858809091?ref=ts&amp;v=wall,,,
543,107796708RR0001,WWW.OACAS.ORG,Valid,,,,http://www.youtube.com/YourChildrensAid
544,107796724RR0001,FAMILYSERVICEONTARIO.ORG,Valid,http://www.facebook.com/pages/Family-Service-Ontario/328478643913963,,,
545,107796732RR0001,WWW.AOHC.ORG,Valid,https://www.facebook.com/AOHC.ACSO,,,
546,107796880RR0001,WWW.TYNDALE.CA,Valid,,,,http://www.youtube.com/user/TyndaleUC
547,107797136RR0001,WWW.OCPSA.COM,Invalid,,,,
548,107797243RR0001,WWW.CCNM.EDU,Valid,http://www.facebook.com/myccnm,,http://www.twitter.com/myccnm,http://www.youtube.com/myccnm
549,107797250RR0001,WWW.OCADU.CA,Valid,,,,
550,107797367RR0001,acbo.on.ca/,Valid,,,,
551,107797383RR0031,WWW.GEOCITIES.COM\TBAYSDA.HTML,Invalid,,,,
552,107797383RR0092,BRONTECHURCH.COM,Invalid,,,,
553,107797722RR0001,www.ofcp.ca,Valid,https://www.facebook.com/media/set/?set=a.10152658888758797.1073741826.89689698796&amp;type=1&amp;l=967adc7900,,,
554,107797904RR0001,OBIA.ON.CA,Valid,,,,
555,107798159RR0001,WWW.ACCESSOLA.COM,Invalid,,,,
556,107798167RR0001,WWW.SOLS.ORG,Valid,,,,
557,107798217RR0001,WWW.OLSN.CA,Invalid,,,,
558,107798522RR0001,WWW.MUSEUMSONTARIO.COM,Valid,http://www.facebook.com/share.php?u=www.museumsontario.com/en/?facebook=true,,http://www.twitter.com/museumsontario,http://www.youtube.com/watch?v=xMzJP098wGA&feature=share&list=UU6L44QYSPQC3gqdfR0iIRLw
559,107801169RR0001,WWW.HCRY.ORG,Valid,,,,
560,107801359RR0001,WWW.OPALFAMILYSERVICES.CA,Valid,http://www.facebook.com/pages/OPAL-Family-Services-OPAL-III-Respite-Services/210077299070240?skip_nax_wizard=true,,,
561,107801458RR0001,WWW.OACCANADA.ORG,Valid,,,,
562,107801474RR0001,OPENARMSMISSONWELLAND.COM,Invalid,,,,
563,107801508RR0001,WWW.OPENBIBLE.CA,Invalid,,,,
564,107801755RR0001,WWW.OM.ORG,Valid,http://www.facebook.com/operationmobilisation,,,
565,107801771RR0001,WWW.FIRSTCENTURYFOUNDATIONS.COM,Valid,http://www.facebook.com/joeamaralpublic,,,http://www.youtube.com/firstcenturyjoe
566,107802753RR0001,WWW.SAINT-JOSEPH.ORG,Valid,https://www.facebook.com/osaintjoseph,,http://www.twitter.com/osjmr,http://www.youtube.com/channel/UClx9rJUB8Mb-Dsd4P0_TgWA?feature=plcp
567,107802845RR0001,WWW.OPNSKIDS.WEBS.COM,Valid,,,,
568,107803314RR0001,WWW.OPDSRM.COM,Valid,,,,
569,107803389RR0001,WWW.OSAC.CA,Valid,http://www.facebook.com/pages/Organization-of-Saskatchewan-Arts-Councils/111409548917836,,,http://www.youtube.com/playlist?list=PLAWdUj8CteqPV9_CGfKBaVAdIOxmWN8S_
570,107803504RR0001,WWW.SCHOOLCAR.CA,Valid,,,,
571,107803546RR0001,BBBSORILLIA.CA,Valid,https://www.facebook.com/bigbrothers.bigsistersorillia,,,
572,107803587RR0001,WWW.ORILLIAPUBLICLIBRARY.CA,Valid,http://www.facebook.com/OrilliaPublicLibrary,,,
573,107803686RR0001,WWW.ORIOLENURSERYSCHOOL.COM,Valid,,,,
574,107804783RR0001,N/A,Invalid,,,,
575,107804825RR0001,WWW.DURHAMRAPECRISISCENTRE.COM,Valid,http://www.facebook.com/DRCCca,,,
576,107804833RR0001,TRULLSROADCHURCH.COM,Valid,,,,
577,107805111RR0001,WWW.OSOYOOSCHILDCARE.COM,Invalid,,,,
578,107805459RR0001,WWW.OTONABEE.COM,Valid,http://www.facebook.com/#!/pages/Otonabee-Conservation/104819386217442,,,http://www.youtube.com/user/OtonabeeConservation
579,107805590RR0001,WWW.OCCL/CA,Invalid,,,,
580,107805632RR0001,www.ociso.org,Valid,http://www.facebook.com/ociso,http://www.linkedin.com/profile/view?trk=hb_tab_pro_top&id=229386541,,http://www.youtube.com/user/OCISOTV
581,107805723RR0001,WWW.RSC-CRS.COM,Valid,,,,
582,107805756RR0002,WWW.OCTC.CA,Valid,https://www.facebook.com/OCTCFoundation,,,http://www.youtube.com/watch?v=vAnMJuekhBI&amp;feature=player_detailpage
583,107805798RR0001,WWW.NCF.CA/OCLS/,Invalid,,,,
584,107805806RR0001,CHRISTIANCOUNSELLINGOTTAWA.CA,Valid,https://www.facebook.com/pages/Christian-Counselling-Ottawa/355568027824996,,,
585,107806010RR0001,WWW.OCAPDD.ON.CA,Valid,,,,
586,107806192RR0001,WWW.OTTAWAMENNONITE.CA,Valid,,,,
587,107806242RR0001,WWW.OMAONLINE.CA,Invalid,,,,
588,107806259RR0001,WWW.UCCANOTTAWA.ORG,Valid,https://www.facebook.com/groups/181841321931195/,,,
589,107806267RR0001,WWW.OTTAWAFIREFIGHTER.ORG/HELPSANTATOYPARADE,Invalid,,,,
590,107806531RR0001,WWW.OTTEWELLCRC.ORG,Invalid,,,,
591,107806556RR0001,WWW.NONDEREAFE.CA/CHURCHES/OTTEWELL-UNITED-CHURCH,Invalid,,,,
592,107807646RR0001,OLOPP.CA,Invalid,,,,
593,107807729RR0001,WWW.OLPHWINNIPEG.CA,Valid,,,,
594,107807836RR0001,N/A,Invalid,,,,
595,107808271RR0001,OURPLACE-CHEZNOUS.CA,Valid,,,,
596,107808362RR0001,WWW.OSLC.ON.CA,Valid,,,,
597,107808396RR0001,WWW.AWESOMEPARISH.ORG,Valid,,,,
598,107808750RR0001,WWW.OUTREACH.CA,Valid,,,,
599,107808990RR0001,WWW.OMF.CA,Valid,,,,
600,107810046RR0001,WWW.AUTISMBC.CA,Valid,http://www.facebook.com/autismbc,,http://www.twitter.com/AutismSocietyBC,
601,107810368RR0001,WWW.PGMBC.COM,Invalid,,,,
602,107810467RR0001,WWW.PLEA.BC.CA,Valid,https://www.facebook.com/pages/PLEA-Community-Services/171217063018888?success=1,,,
603,107810632RR0001,WWW.POSTPARTUM.ORG,Valid,https://www.facebook.com/pages/Pacific-Post-Partum-Support-Society/120735171295360,,,
604,107811465RR0001,WWW.PALGRAVEUNITED.CA,Valid,,,,
605,107811721RR0001,www.palmerstoncrc.com,Valid,,,,
606,107811879RR0001,WWW.PALSPETS.COM,Invalid,,,,
607,107812646RR0001,WWW.VICTORIAPARK.GOSPELHALL.COM,Valid,,,,
608,107813404RR0001,WWW.PERANTSUPPORTCONNECTION.ORG,Invalid,,,,
609,107813446RR0001,WWW.PARENTSUNISREPENTIGNY.QC.CA,Valid,,,,
610,107813503RR0001,HTTP://NONPROFITS.ACCESSCOMM.CA/PAROISSE ST-JEANBAPTISTE,Valid,,,,https://www.youtube.com/watch?v=SKjqnPOkGd4
611,107813867RR0001,HTTP//WWW.STLUKESGONDOLAPOINT.CA,Invalid,,,,
612,107814451RR0001,WWW.STMARKS.CA,Valid,https://www.facebook.com/login.php,,,
613,107814568RR0001,WWW.STTHOMASCHILLIWACK.COM,Valid,https://www.facebook.com/pages/St-Thomas-Anglican-Church-Chilliwack/239142272775337,,,
614,107814584RR0001,WWW.ANNUNCIATIONOFTHEBVM.ORG,Invalid,,,,
615,107814592RR0001,ANNUNCIATIONPARISH.CA,Valid,,,,
616,107814725RR0001,WWW.PARISPRESB.CA,Valid,https://www.facebook.com/paris.presbyterian?fref=ts,,,http://www.youtube.com/user/ParisPresbyterian
617,107814956RR0001,WWW.PCHC.ON.CA,Valid,https://www.facebook.com/ParkdaleCHC,,,
618,107814964RR0001,WWW.PCIC.CA,Valid,,,,
619,107814972RR0001,WWW.PARKDALELEGAL.ORG,Valid,http://www.facebook.com/pages/Parkdale-Community-Legal-Services/185810351443057,,,
620,107815219RR0001,PARKDALEUNITEDCHURCH.COM,Valid,,,,
621,107815250RR0001,WWW.PARKDRIVECHURCH.CA,Valid,,,,
622,107815623RR0001,WWW.PARKLANDCOMMUNIYCHURCH.COM,Invalid,,,,
623,107816076RR0001,WWW.PARKMANOR.CA,Valid,,,,
624,107816845RR0001,WWW.PARKWAYBIBLECHURCH.CA,Valid,,,,
625,107816977RR0001,WWW.PARKWOODGARDENS.CA,Valid,,,,
626,107817082RR0001,PARLCENT.ORG,Valid,https://www.facebook.com/parliamentarycentre,http://www.linkedin.com/company/parliamentarycentre,,
627,107818197RR0001,WWW.BOR-MONTREAL.CA,Valid,,,,
628,107819120RR0001,WWW.HOLYFAMILYTEAM.COM,Valid,,,,
629,107820177RR0001,WWW.PCEIM.CA,Valid,,,,
630,107820433RR0001,WWW.PARTICIPACTION.COM,Valid,,,,
631,107820441RR0001,WWW.PACE-IL.CA,Valid,,,,
632,107820466RR0001,WWW.PARTICIPATIONHOUSEBRANTFORD.ORG,Valid,http://www.facebook.com/ParticipationHouseBrantford,,,
633,107820474RR0001,WWW.ABLELIVING.ORG,Valid,,,,http://www.youtube.com/watch?v=EtD1F1JKJPk
634,107820524RR0001,WWW.TRAVERSEINDEPENDENCE.CA,Valid,http://www.facebook.com/#!/pages/Traverse-Independence/216518321744022,,,
635,107826323RR0001,WWW.PAVILLONDUPARC.QC.CA,Valid,,,,
636,107828360RR0001,WWW.SOURCESBC.CA,Valid,https://www.facebook.com/media/set/?set=a.717330171652765.1073741836.108683099184145&amp;type=1&amp;l=5d568f239f,http://www.linkedin.com/company/sources?trk=hb_tab_compy_id_1341539,,http://www.youtube.com/user/SourcesCommunity/videos?view=1
637,107828519RR0001,HTTP://WWW.PEACEWINDSOR.COM,Valid,,,,
638,107828618RR0001,WWW.PEACESIDNEY.CA,Valid,,,,
639,107828733RR0001,PEACERIVERALLIANCE.CA,Valid,,,,
640,107829111RR0001,WWW.PEARCEWILLIAMS.ORG,Invalid,,,,
641,107829277RR0001,WWW.PEARSONCO-OP.COM,Valid,https://www.facebook.com/PearsonNurserySchool?fref=ts,,,
642,107830606RR0001,WWW.PEELCAREER.COM,Valid,,,,
643,107830648RR0001,WWW.FAMILYEDCENTRE.ORG,Valid,,,,
644,107830689RR0001,WWW.THELEARNINGPLACE.CA,Invalid,,,,
645,107830713RR0001,WWW.WILLIAMOSLERHS.CA,Valid,https://www.facebook.com/pages/William-Osler-Health-System/141981779202408,http://www.linkedin.com/company/william-osler-health-system,http://www.twitter.com/oslerhealth,http://www.youtube.com/user/WilliamOslerTV
646,107830739RR0001,WWW.PEELPENTECOSTAL.ORG,Valid,,,,
647,107831158RR0001,WWW.EDU.PE.CA/PEIHSF/,Valid,,,,
648,107831323RR0001,WWW.PEIRSAC.ORG,Valid,,,,
649,107831539RR0001,WWW.PELHAMFRIENDS.CA,Valid,,,,
650,107832057RR0001,PVPPC.COM,Invalid,,,,
651,107832164RR0002,WWW.PEMREGHOS.ORG,Valid,,,,http://www.youtube.com/user/pembrokeregionalhosp
652,107832271RR0001,WWW.NEWLIFEASSEMBLY.CA,Valid,,,,
653,107833295RR0374,WWW.PAOC.ORG,Valid,http://www.facebook.com/thepaoc,,,http://www.youtube.com/paoctube
654,107833394RR0006,WWW.EVANGELPT.ORG,Valid,https://www.facebook.com/groups/359019359717/,,,
655,107833394RR0013,WWW.EVANGELGANDER.CA,Valid,http://www.facebook.com/groups/500326506663731/,,,
656,107833394RR0017,WWW.FIRSTPENTECOSTALCHURCHCORNERBROOK.COM,Invalid,,,,
657,107833394RR0034,WWW.FAITHCBS.CA,Invalid,,,,
658,107833394RR0040,WWW.CRESTONPENTECOSTAL.ORG,Invalid,,,,
659,107833394RR0071,WWW.ELIM.NF.CA,Valid,,,,
660,107833394RR0072,BETHESDA.NF.CA,Valid,,,,
661,107833394RR0075,WWW://WEB.ME.COM/SPRINGDALEPENT/SPC,Invalid,,,,
662,107833394RR0098,WWW.PPTL.CA,Valid,,,,
663,107833394RR0107,WWW.GLOVERTOWNPENTECOSTAL.ORG,Valid,https://www.facebook.com/fullgospelglovertown,,,
664,107834426RR0001,GLADTIDINGSARNPRIOR.COM,Valid,,,,
665,107834533RR0001,MYWESTSIDE.CA,Valid,,,,
666,107834939RR0001,PENTICTONALLIANCE.ORG,Valid,http://www.facebook.com/home.php?sk=group_178803208806306#!/home.php?sk=group_178803208806306,,,
667,107834988RR0001,WWW.PENTICTONCHRISTIANSCHOOL.CA,Valid,,,,
668,107835068RR0001,WWW.PENTICTONFAITH.COM,Valid,,,,
669,107836686RR0001,WWW.PERTHFAIR.COM,Valid,http://www.facebook.com/perthfair,,http://www.twitter.com/theperthfair,
670,107836694RR0001,WWW.PDHU.ON.CA,Valid,,,,
671,107837262RR0001,WWW.COMMUNITYLIVINGPETERBOROUGH.CA,Valid,,,,http://www.youtube.com/user/CommunityLivingPtbo
672,107837379RR0001,www.pcchu.ca,Valid,http://www.facebook.com/pages/Peterborough-County-City-Health-Unit/292946984088661,,,http://www.youtube.com/user/PCCHUHealthUnit
673,107837551RR0001,WWW.PVNCCDSB.ON.CA,Valid,https://www.facebook.com/PVNCCDSB,,,http://www.youtube.com/pvncc
674,107837643RR0001,WWW.WHYTE.ORG,Valid,http://www.facebook.com/WhyteMuseum,,,
675,107839359RR0001,WWW.PETERPANPRESCHOOL.CA,Valid,,,,
676,107840316RR0001,WWW.PETITCODIACMENNONITECHURCH.ORG,Valid,,,,
677,107840662RR0001,STPAULSUNITEDPETROLIA.COM,Invalid,,,,
678,107842726RR0001,PSIFOUNDATION.ORG,Valid,http://www.facebook.com/pages/PSI-Foundation/471879289534738,,,
679,107843336RR0001,WWW.PARL.NS.CA,Valid,http://www.facebook.com/pages/The-Peoples-Place-Antigonish-Town-and-County-Library/124418494313435,,http://www.twitter.com/parlevents,http://www.youtube.com/watch?v=34RRUpMQspc
680,107843724RR0001,WWW.PIERCELANDRECREATION.CA,Valid,,,,
681,107845133RR0001,WWW.PILGRIMLUTHERANCHURCH.CA,Valid,,,,
682,107845174RR0001,WWW.PILGRIMUNITEDCHURCH.CA,Invalid,,,,
683,107845737RR0001,WWW.PINEGROVEBAPTIST.CA,Valid,,,,
684,107845901RR0001,WWW.PINELANDBAPTIST.COM,Valid,http://www.facebook.com/pinelandchurch,,http://www.twitter.com/pinelandchurch,
685,107846255RR0001,PINEVIEWALLIANCE.CA,Valid,,,,
686,107846552RR0001,WWW.EXPORAIL.ORG,Valid,http://www.facebook.com/Exporail,,,http://www.youtube.com/results?search_type=videos&amp;search_query=exporail+mus%C3%A9e&amp;uni=3
687,107846800RR0001,WWW.ASSINOBOINE-RHA.CA,Invalid,,,,
688,107846818RR0001,WWW.PIONEERMEMORIALUNITED.COM,Valid,http://www.facebook.com/people/Pioneer-Memorial-Pmuc/100003213971231,,,
689,107847568RR0001,PLACEMENTPOTENTIAL.com,Invalid,,,,
690,107848129RR0001,WWW.COMMUNITYLIVINGBELLEVILLE.ORG,Valid,http://www.facebook.com/pages/Community-Living-Belleville-and-Area/301710343214446,,,
691,107848236RR0001,SEXUALHEALTHACCESS.ORG,Invalid,,,,
692,107848251RR0001,WWW.OPTIONSSEXUALHEALTH.CA,Valid,,,,
693,107848269RR0001,OPTIONSFORSEXUALHEALTH.ORG,Valid,http://www.facebook.com/optbc,,,
694,107848319RR0001,WWW.CFSH.CA,Valid,,,,
695,107848343RR0001,WWW.SERC.MB.CA,Valid,http://www.facebook.com/sercmb,,,http://www.youtube.com/channel/UCKtK4mwgpnYoRmgpO_IDLAg
696,107848368RR0001,WWW.NLSEXUALHEALTHCENTRE.ORG,Valid,,,,
697,107848434RR0001,WWW.SHCSASKATOON.CA,Valid,,,,
698,107848566RR0001,WWW.PLAST.CA/TORONTO,Valid,,,,
699,107848715RR0001,WWW.PLAYDAYCARE.ORG,Valid,,,,
700,107849101RR0001,WWW.PLAYWRIGHTSGUILD.CA,Valid,,,,
701,107849432RR0001,WWW.PVHS.CA,Valid,,,,
702,107849804RR0001,WWW.SAH.ON.CA,Valid,,,,https://www.youtube.com/user/SaultAreaHospitalYT
703,107850422RR0001,WWW.POINTINC.ORG,Valid,,,,
704,107851776RR0001,WWW.BIGBROTHERSBIGSISTERS.CA/PONOKA/,Valid,,,,
705,107851826RR0001,www.shawvillefair.ca,Valid,http://www.facebook.com/Shawvillefair,,,
706,107852329RR0001,WWW.PACHURCH.CA,Valid,https://www.facebook.com/pages/Portage-Avenue-Church/8460558786,,,
707,107852584RR0001,www.acaws.ca,Valid,,,,
708,107852881RR0001,WWW.PORTCOLBORNECOMMUNITYLIVING.COM,Valid,,,,
709,107852931RR0001,WWW.POCOASSEMBLY.ORG,Valid,,,,
710,107852964RR0001,HAWTHORNECARE.COM,Valid,,,,
711,107853434RR0001,WWW.PORTHOPEUNITEDCHURCH.COM,Valid,,,,
712,107853707RR0001,WWW.PORTNELSONUNITEDCHURCH.COM,Valid,,,,
713,107853715RR0001,WWW.PORTOFFELLOWSHIP.COM,Valid,,,,
714,107854127RR0001,WWW.PORTWALLISUNITEDCHURCH.CA,Valid,,,,
715,107854531RR0001,POUNDMAKER.ORG,Valid,,,,
716,107854622RR0001,WWW.POWASSANUNITED.CA,Valid,,,,
717,107854713RR0001,WWW.POWELLRIVERLIBRARY.CA,Valid,http://www.facebook.com/pages/Powell-River-Public-Library/170400112972465,,,
718,107854788RR0001,POWELLRIVERMUSEUM.CA,Valid,,,,
719,107855116RR0001,WWW.PRAIRIE.EDU,Valid,,,,http://www.youtube.com/prairiecolleges
720,107855165RR0001,WWW.CALLINGLAKES.CA,Valid,,,,
721,107855496RR0001,WWW.MYPFCHURCH.COM,Valid,https://www.facebook.com/praisefellowshipchurch,,,
722,107856114RR0001,WWW.LA-COCCINELLE.CA,Valid,https://www.facebook.com/lacoccinellepreschool,http://www.linkedin.com/company/la-coccinelle-french-immersion-preschool,,
723,107856619RR0001,WWW.PRESBYTERIAN.CA,Invalid,,,,
724,107856619RR0004,KNOXPRESBYTERIANCHURCH-WESTPORT.CA,Invalid,,,,
725,107856619RR0010,WWW.WASAGAPRESBYTERIAN.CA,Invalid,,,,
726,107856619RR0014,WWW.ILOVECAMP.ORG,Valid,,,,
727,107856619RR0015,WWW.PCCWEB.CA/GRACE,Invalid,,,,
728,107856783RR0002,WWW.PRESBYTERIAN.CA,Invalid,,,,
729,107856908RR0001,THEPRESCHOOLCENTRE.COM,Valid,,,,
730,107857146RR0001,WWW.PHTHEATRE.ORG,Valid,http://www.facebook.com/PresentationHouseTheatre,,,http://www.youtube.com/phtheatre
731,107857294RR0001,WWW.PRESTONEARLYLEARNING.CA,Valid,,,,
732,107857765RR0001,WWW.ECOUTESECOURS.COM,Valid,http://www.facebook.com/browse/admined_pages/?id=100002853911926#!/pages/%C3%89coute-Secours/287650691299073,,,
733,107857997RR0001,WWW.PRIMROSEPLACE.ORG,Valid,http://www.facebook.com/Primrose67,,,
734,107858011RR0001,www.princealbertalliance.com,Valid,,,,
735,107858532RR0001,WWW.PECAB.CA,Invalid,,,,
736,107858540RR0001,WAPECCS@KOS.NET,Valid,http://www.facebook.com/pages/Kingston-Online-Services/120301901358202?fref=ts,,,
737,107858763RR0001,WWW.TWORIVERSARTGALLERY.COM,Valid,https://www.facebook.com/tworiversart,,,http://www.youtube.com/user/TwoRiversGalleryBC/videos?flow=grid&view=0
738,107858888RR0001,WWW.PGOS.CA/ACTIVITY,Valid,,,,
739,107859159RR0001,PRINCEOFFAITH.CA,Invalid,,,,
740,107859175RR0001,PEACECHURCH.CA,Valid,,,,
741,107859217RR0001,WWW.POPCAMPUS.CA,Valid,,,,
742,107860108RR0001,WWW.CENTREROLANDBERTRAND.COM,Valid,https://www.facebook.com/profile.php?id=100003118352487,,,
743,107861155RR0001,WWW.PROGRESSPLACE.ORG,Valid,,,,
744,107861270RR0001,WWW.PROJECTLITERACYKELOWNA.ORG,Valid,https://www.facebook.com/pages/Bai-Tong-Thai-Food-Restaurant/483136055053995?id=483136055053995&amp;sk=likes,,,http://www.youtube.com/watch?v=UER0CQLQw10&amp;feature=youtu.be
745,107861296RR0001,WWW.PROJECTNEECHEEWAMINC.COM,Valid,,,,
746,107861338RR0001,WWW.PROJECTSHARE.CA,Valid,https://www.facebook.com/pages/Project-S-H-A-R-E/136606766416948,,,http://www.youtube.com/watch?v=oOdHiRQqk_o
747,107862112RR0001,WWW.MEMORIALCHURCH.CA,Invalid,,,,
748,107862385RR0001,WWW.PROVIDENCECHILDREN.COM,Invalid,,,,
749,107863847RR0004,WWW.AFM.MB.CA,Valid,,,,
750,107863847RR0005,CANCERCARE.MB.CA,Valid,,,,
751,107865735RR0001,WWW.LEGALINFO.ORG,Valid,http://www.facebook.com/LegalSeagull,,,
752,107865743RR0001,WWW.PUBLICLEGALINFO.COM,Valid,,,,
753,107865776RR0001,WWW.PORTCOLBORNELIBRARY.ORG,Valid,http://www.facebook.com/pages/Port-Colborne-ON/Port-Colborne-Public-Library/340178134131?ref=ts,,,http://www.youtube.com/watch?v=1CwOLYp4nZc&amp;feature=channel_video_title
754,107867095RR0001,MARLENECATHRINE@HOTMAIL.COM,Valid,,,,
755,107868002RR0001,S,Invalid,,,,
756,107868135RR0001,QMS.BC.CA,Valid,http://www.facebook.com/pages/Duncan-BC/Queen-Margarets-School/240936919190#!/pages/Duncan-BC/Queen-Margarets-School/240936919190,,,
757,107868200RR0001,WWW.QOA.CA,Valid,,,,
758,107868317RR0001,WWW.QUEENSCOUNTYHERITAGE.COM,Valid,https://www.facebook.com/QCHeritage,,,
759,107868499RR0001,CALGARYWORSHIP.COM,Valid,,,,
760,107868705RR0001,WWW.QUEENSU.CA,Valid,https://www.facebook.com/queensuniversity,,,http://www.youtube.com/QueensUCanada
761,107868762RR0001,WWW.QUEENSWAY.ORG,Valid,https://www.facebook.com/qbcbrantford,,,
762,107868770RR0001,WWW.QCH.ON.CA,Valid,http://www.facebook.com/QueenswayCarletonHospitalFoundation,http://www.linkedin.com/company/queensway-carleton-hospital,,
763,107869075RR0001,N/A,Invalid,,,,
764,107869653RR0001,QUC.CA,Valid,,,,
765,107871584RR0001,WWW.RAINBOWYOUTH.COM,Valid,,,,http://www.youtube.com/watch?v=8irCz2s_1gQ
766,107871790RR0001,RRCA.ON.CA,Valid,http://www.facebook.com/raisinregion,,,
767,107876468RR0010,WWW.RCDIOCESEGRANDFALLS.CA,Valid,,,,
768,107876476RR0006,WWW.DIOCESESSM.ORG,Valid,,,,
769,107876476RR0007,HTTP://STEFAMILLE.DIOCESESM.ORG,Invalid,,,,
770,107876476RR0030,HTTP://OLGOODCOUNSEL.DIOCESESSM.ORG,Invalid,,,,
771,107876476RR0034,HTTP://STJEROME.DIOCESESSM.ORG,Invalid,,,,
772,107876476RR0041,WWW.DIOCESESSM.ORG,Invalid,,,,
773,107876476RR0048,WWW.STANDREWSUDBURY.COM,Valid,,,,
774,107876476RR0052,WWW.STPATRICK.DIOCESSM.ORG,Invalid,,,,
775,107876476RR0061,STKEVINPARISH.CA,Valid,,,,
776,107876476RR0068,WWW.USUDBURY.COM,Valid,,,,
777,107876476RR0083,WWW.DIOCESESSM.ORG,Valid,,,,
778,107877375RR0001,HTTP://WWW.REACHCENTRE.BC.CA/,Valid,,,,
779,107877839RR0001,WWW.REAP-CANADA.COM,Valid,,,,
780,107878183RR0001,WWW.RECOVERYACRESEDMONTON.ORG,Valid,,,,
781,107878415RR0001,WWW.GREENACTIONCENTRE.CA,Valid,,,,
782,107878498RR0001,REDBERRIBIBLECAMP.COM,Invalid,,,,
783,107878563RR0001,HTTP://REDCLIFF.SHORTGRASS.CA/,Valid,https://www.facebook.com/pages/Redcliff-Public-Library/136650276405594,,,http://www.youtube.com/user/MHPublicLibrary
784,107878639RR0001,PARKLANDCLASS.ORG,Valid,,,,
785,107878704RR0001,RDC.AB.CA,Valid,,,,
786,107878761RR0001,WWW.REDDEERARTSCOUNCIL.CA,Valid,https://www.facebook.com/reddeerartscouncil,,,
787,107878787RR0001,WWW.WASKASOOPARK.CA,Valid,http://www.facebook.com/group.php?gid=76141171395,,http://www.twitter.com/naturecentre,http://www.youtube.com/user/NatureCentre?blend=2&amp;ob=video-mustangbase
788,107879215RR0001,WWW.REDEEMERCRC.COM,Valid,,,,
789,107879249RR0001,WWW.REDEEMERLUTHERAN.CA,Valid,,,,
790,107879264RR0001,WWW.REDEEMERBRAMPTON.COM,Invalid,,,,
791,107879355RR0001,HTTP://WWW.REDEERMERLCC.CA/,Invalid,,,,
792,107879462RR0001,WWW.REDEEMERCOALDALE.ORG,Invalid,,,,
793,107879546RR0001,REDEEMER.SASKTELWEBSITE.NET,Invalid,,,,
794,107879827RR0001,WWW.RLIFC.CA,Valid,,,,
795,107880031RR0002,WWW.RRVSD.CA,Valid,,,,
796,107880163RR0001,WWW.REACHACROSS.NET,Valid,,,,
797,107880874RR0001,WWW.REGALROAD.NET,Valid,,,,
798,107880924RR0001,REPAC.ORG,Valid,,,,
799,107881039RR0001,WWW.REGENT-COLLEGE.EDU,Valid,http://www.facebook.com/regentcollege,http://www.linkedin.com/company/regent-college,,http://www.youtube.com/user/underthegreenroof
800,107881799RR0001,CORNERSTONEBAPTISTCHURCH.CA,Valid,,,,
801,107881872RR0001,WWW.REGINACHRISTIANSCHOOL.ORG,Valid,https://www.facebook.com/pages/Regina-Christian-School/227720907255973,,,
802,107882433RR0001,WWW.REGINAPLAINSMUSEUM.COM,Valid,http://www.facebook.com/profile.php?ref=profile&id=604872789,,http://www.twitter.com/regplainsmuseum,
803,107882524RR0001,WWW.RCSD.CA,Valid,,,,
804,107882573RR0001,WWW.REGINASENIORCITIZENSCENTRE.CA,Valid,,,,
805,107882623RR0001,WWW.REGINASUMMERSTAGE.COM,Valid,http://www.facebook.com/busybeecleaners,,,http://www.youtube.com/user/reginasummerstage
806,107883571RR0003,RAAQ.QC.CA,Valid,,,,
807,107883910RR0001,REHABILITATIONDEBEAUCE.COM,Valid,,,,
808,107883928RR0001,WWW.MARCHOFDIMES.CA,Valid,http://www.facebook.com/marchofdimescanada,,,http://www.youtube.com/user/marchofdimescda
809,107883985RR0001,ABILITYRESOURCE.CA,Valid,,,,
810,107884074RR0001,WWW.FRESHSTARTMATERNITY.COM,Valid,,,,
811,107885451RR0001,RENASCENCEHOMES.COM,Invalid,,,,
812,107886087RR0001,WWW.RCCDSB.EDU.ON.CA,Valid,,,,
813,107886129RR0001,WWW.RENFREWEDUCATION.ORG,Valid,https://www.facebook.com/pages/Renfrew-Educational-Services/62176705325,,,
814,107886145RR0001,WWW.RENFREWMUSEUM.CA.,Valid,,,,
815,107886780RR0001,HTTP://RAME-ESTRIE.ORG,Valid,http://www.facebook.com/page.RAME,,,
816,107888539RR0001,WWW.RESIDENCESDELAPROVIDENCE.COM,Valid,,,,
817,107889461RR0001,WWW.HAVENGROUP.CA,Valid,,,,
818,107889735RR0001,WWW.RLCHURCH.CA,Valid,,,,
819,107889768RR0001,WWW.RESURRECTIONLUTHERANCHURCH.CA,Valid,,,,
820,107890139RR0001,WWW.GESSTWOODCAMP.COM,Valid,,,,
821,107890386RR0001,WWW.COMMUNITY-CONNECTIONS.CA,Valid,,,,
822,107890444RR0001,WWW.REVELSTOKEMUSEUM.CA,Valid,https://www.facebook.com/pages/Revelstoke-Museum-Archives/144528853796,,,
823,107894883RR0001,WWW.RICHMONDARTGALLERY.ORG,Valid,http://www.facebook.com/RichmondArtGalleryBC,,,https://www.youtube.com/watch?v=DIUcvqT0Whw&amp;list=UUplnZxpHadI0dqe7u9syptg
824,107894917RR0001,WWW.RICHMONDBETHEL.CA,Valid,,,,
825,107894982RR0001,WWW.RCEFC.ORG,Valid,,,,
826,107895021RR0001,WWW.RICHMONDCHRISTIAN.CA,Valid,,,,
827,107895088RR0001,WWW.RICHMONDMUSICSCHOOL.CA,Valid,,,,
828,107895179RR0001,www.richmondfamilyplace.ca,Valid,http://www.facebook.com/richmondfamilyplace,,,
829,107895252RR0001,RHPC@RHPC.NET,Valid,,,,
830,107895484RR0001,WWW.RICHPRES.COM,Valid,,,,
831,107895591RR0001,WWW.RSCL.ORG,Valid,https://www.facebook.com/pages/Richmond-Society-for-Community-Living/125201840847163,,,
832,107895674RR0001,RICHMONDWOMENSCENTRE.BC.CA,Valid,https://www.facebook.com/pages/Richmond-Womens-Resource-Centre/361252827225367,,,
833,107896136RR0001,WWW.RVCA.CA,Valid,,,,
834,107896391RR0001,WWW.RIDGEWOODCHURCHONLINE.COM,Invalid,,,,
835,107896599RR0001,WWW.KWRTL.CA,Valid,,,,http://www.youtube.com/watch?v=fKyljukBE70&t=1m57s
836,107897449RR0001,WWW.RITZLUTHERANVILLA.COM,Valid,,,,
837,107897555RR0001,WWW.RIVERBENDLUTHERAN.COM,Valid,http://www.facebook.com/riverbendlutheran,,,
838,107897571RR0001,HTTP://WWW.RIVERBENDUNITED.CA,Invalid,,,,
839,107897811RR0001,WWW.REMB.CA,Valid,,,,
840,107898470RR0001,WWW.RIVERSIDEUNITEDOTTAWA.CA,Valid,,,,
841,107898561RR0001,WWW.RIVERTONFC.COM,Valid,,,,
842,107898637RR0001,WWW.RVWC.CA,Valid,,,,
843,107898801RR0001,HTTP://RIVERVIEWBAPTIST.CA,Valid,,,,
844,107905275RR0001,WWW.RWUC.ORG,Valid,,,,
845,107906091RR0001,WWW.ROBINHOODASSOC.COM,Invalid,,,,
846,107906851RR0001,WWW.ROCKCHURCH.CA,Valid,,,,
847,107906893RR0001,WWW.ROCKCREEKMEDICAL.CA,Valid,,,,
848,107906935RR0001,ROCKFIELDCHURCH.COM,Valid,http://www.facebook.com/pages/Rockfield-Church/269247439864697,,,
849,107907164RR0001,WWW.ROCKOFAGESSK.ORG,Valid,,,,
850,107907685RR0001,WWW.WRDS.CA,Invalid,,,,
851,107907750RR0001,ROCKYVIEW.AB.CA,Invalid,,,,
852,107909913RR0001,WWW.ARCHWINNIPEG.CA,Valid,http://www.facebook.com/ArchdioceseOfWinnipeg,,,http://www.youtube.com/user/ArchWinnipeg
853,107909939RR0003,WWW.STMICHAELSPINCHERCREEK.CATHOLICWEB.COM,Valid,,,,
854,107909939RR0005,WWW.ASCENSIONPARISH.CA,Valid,https://www.facebook.com/calgarydiocese,,,
855,107909939RR0007,MEMBERS.SHAW.CA/HOLYTRINITYCHURCH,Invalid,,,,
856,107909939RR0009,SACREDHEARTCALGARY.CA,Valid,http://www.facebook.com/pages/Sacred-Heart-Church/102070196526547?sk=wall,,,
857,107909939RR0015,MYOLPH.ORG,Valid,,,,
858,107909939RR0018,HTTP://MEMBERS.SHAW.CA/STEFAMILLE,Invalid,,,,
859,107909939RR0019,WWW.STGERARDS.CA,Valid,,,,
860,107909939RR0020,WWW.STJOSEPHCALGARY.COM,Valid,http://www.facebook.com/stjosephcalgary,,,
861,107909939RR0024,STFRANCISCALGARY.ORG,Valid,,,,
862,107909939RR0025,STJAMESCALGARY.ORG,Valid,,,,
863,107909939RR0026,SAINTMICHAEL.CA,Valid,,,,
864,107909939RR0027,WWW.ST-PETERS.CA,Valid,,,,
865,107909939RR0032,HOLYTRINITYPARISH.CATHOLICWEB.COM,Valid,,,,
866,107909939RR0037,stambroseparish.ca,Invalid,,,,
867,107909939RR0039,WWW.STANTHONYSDRUMHELLER.COM,Valid,,,,
868,107909939RR0041,www.livingwholly.org,Valid,,,,
869,107909939RR0044,www.holyfamilymh.ca,Valid,,,,
870,107909939RR0053,stcatherineparish.ca,Valid,,,,
871,107909939RR0056,WWW.CATHOLICPARISH.CA,Valid,,,,http://www.youtube.com/watch?v=jgFndZIH568
872,107909939RR0060,WWW.STBONAVENTUREPARISH.CA,Valid,,,,
873,107909939RR0062,WWW.STPATRICKCALGARY.CA,Valid,,,,
874,107909939RR0063,WWW.STPIUSX.CA,Valid,,,,
875,107909939RR0064,STBONIFACECALGARY.COM,Valid,,,,
876,107909939RR0066,WWW.STLUKESCHURCH.CA,Valid,https://www.facebook.com/stlukescalgary,,,
877,107909939RR0072,WWW.CATHOLICPARISH.CA,Valid,,,,http://www.youtube.com/watch?v=jgFndZIH568
878,107909939RR0074,WWW.QUEENPOL.ORG,Valid,,,,
879,107909939RR0076,WWW.CALGARYDIOCESE.CA,Valid,http://www.facebook.com/calgarydiocese,,,
880,107909939RR0078,WWW.HOLYSPIRITPARISH.NET,Valid,,,,
881,107909939RR0079,WWW.SACREDHE.COM,Invalid,,,,
882,107909939RR0087,WWW.STJOHNSPARISH.CA,Valid,,,,
883,107909939RR0090,WWW.SAINTGABRIELPARISH.CA,Valid,https://www.facebook.com/pages/St-Gabriel-the-Archangel-Parish-Chestermere/247236065295510,,http://www.twitter.com/SGAChestermere,
884,107909939RR0091,WWW.STCACALGARY.COM,Valid,,,,
885,107910192RR0002,RCCHURCH.COM,Valid,,,,http://www.youtube.com/watch?v=7HptpEQn80g&amp;feature=plcp&amp;context=C48b9573VDvjVQa1PpcFO23CLy3fpg_tPUDFtKGqtG6_GbdDdDUFk%3D
886,107910192RR0005,WWW.RCCHURCH.COM,Valid,,,,http://www.youtube.com/watch?v=7HptpEQn80g&amp;feature=plcp&amp;context=C48b9573VDvjVQa1PpcFO23CLy3fpg_tPUDFtKGqtG6_GbdDdDUFk%3D
887,107910192RR0007,WW3.NFSYMPATICO.CA/ST.STEPHENS.PARISH,Invalid,,,,
888,107910234RR0013,WWW.HOLYREDEEMERPEI.COM,Valid,,,,
889,107910234RR0015,FJCORSOR@EASTLINK.CA,Valid,http://www.facebook.com/Eastlink/,,http://www.twitter.com/eastlink,
890,107910234RR0020,WWW.STFRANCISPEI.COM,Valid,,,,
891,107910234RR0022,WWW.STPAULSPARISH.CA,Valid,,,,
892,107910234RR0023,SITES.GOOGLE.COM/SITE/FRFRANKJAY,Invalid,,,,
893,107910234RR0024,WWW.SACREDHEART.PEIWEST.COM,Valid,,,,
894,107910234RR0029,WWW.STDUNSTANS.PE.CA,Valid,,,,
895,107910259RR0005,WWW.EPIPHANYPARISH.NET,Valid,,,,
896,107910259RR0010,STPIUSXPARISH@ROGERS.COM,Valid,,,,
897,107910259RR0012,WWW.STAIDANSCHURCH.NET,Valid,,,,
898,107910259RR0014,WWW.THEGOODSHEPHERDPARISH.ORG,Valid,,,,
899,107910259RR0017,WWW.ST-FRANCISOFASSISI.CA,Valid,,,,
900,107910259RR0019,WWW.STJAMESCOLGAN.COM,Invalid,,,,
901,107910259RR0022,WWW.STBASILTORONTO.ORG,Valid,https://www.facebook.com/pages/St-Basils-Church-Toronto/130879996974067,,,
902,107910259RR0024,WWW.STMICHAELSCATHEDRAL.COM,Valid,,,,http://www.youtube.com/playlist?list=PL6dTaamqU0EOnIo6dB9mYTMNeK4EAj6aE&amp;feature=plcp
903,107910259RR0029,WWW.STANNTORONTO.CA,Valid,,,,
904,107910259RR0030,STANSELMSPARISH.CA,Valid,,,,
905,107910259RR0033,WWW.BLESSEDTRINITY.CA,Valid,,,,
906,107910259RR0038,WWW.KAZIMIERZ.ORG,Valid,,,,
907,107910259RR0042,WWW.STCLAREPARISH.CA,Valid,,,,
908,107910259RR0043,WWW.CORPUSCHRISTICHURCH.CA,Valid,http://www.facebook.com/share.php?u=http%3A%2F%2Fwww.corpuschristichurch.ca%2Fvideo%2Fvideo%3Ffrom%3Dfb,,,
909,107910259RR0044,WWW.SLOVAKPARISH.CA,Valid,https://www.facebook.com/slovakparish,,http://www.twitter.com/slovakparish,http://www.youtube.com/slovakparish
910,107910259RR0049,WWW.STGABRIELSPARISH.CA,Valid,,,,
911,107910259RR0051,WWW.HOLYCROSSCHURCH.CA,Valid,,,,
912,107910259RR0054,WWW.HOLYROSARY.CA,Valid,,,,
913,107910259RR0060,www.joanof arc.ca,Invalid,,,,
914,107910259RR0061,STJOHNSRC.CA,Valid,,,,
915,107910259RR0068,WWW.STLEOSCHURCHETOBICOKE.ORG,Invalid,,,,
916,107910259RR0079,WWW.OURLADYOFMM.COM,Valid,,,,
917,107910259RR0080,WWW.OLPHTORONTO.COM,Valid,,,,
918,107910259RR0081,WWW.TORONTOZUPA.COM,Valid,,,,
919,107910259RR0082,WWW.SORROWS.CA,Invalid,,,,
920,107910259RR0088,WWW.STPETERSTORONTO.CA,Valid,http://www.facebook.com/pages/St-Peters-Catholic-Church-and-Paulist-Centre/179233682127681,,,
921,107910259RR0091,HTTP://PAROISSEDUSACRECOEUR.COM,Valid,,,,
922,107910259RR0092,WWW.STANISLAW.CA,Valid,,,,
923,107910259RR0095,ORATORY-TORONTO.ORG,Valid,,,,
924,107910259RR0098,WWW.TRANSLORD.CA,Valid,,,,
925,107910259RR0101,WWW.STTIM.CA,Valid,,,,
926,107910259RR0104,WWW.SAINTPASCHAL.ORG,Invalid,,,,
927,107910259RR0106,WWW.STJOSEPHS.CH,Valid,,,,
928,107910259RR0107,WWW.SAINTBPARISH.ORG,Valid,,,,
929,107910259RR0110,WWW.STPAULSALLISTON.COM,Valid,https://www.facebook.com/alliston.lifeteen,,,
930,107910259RR0111,OURLADYOFGRACE.COM,Valid,,,,
931,107910259RR0112,WWW.STMARYSBARRIE.COM,Valid,,,,
932,107910259RR0113,WWW.STJOHNVIANNEY.CA,Valid,,,,
933,107910259RR0114,WWW.HOLYREDEEMERPICKERING.CA,Invalid,,,,
934,107910259RR0115,WWW.STJOSEPHSBEAVERTON.CA,Valid,,,,
935,107910259RR0116,WWW.HOLYMARTYRS.CA,Valid,,,,
936,107910259RR0117,STMARYSBRAMPTON.COM,Valid,,,,
937,107910259RR0119,WWW.STCHRISTOPHER.ON.CA,Valid,,,,
938,107910259RR0120,STCATHERINE.CA,Valid,,,,
939,107910259RR0121,WWW.STPATRICKPARISH.CA,Valid,,,,
940,107910259RR0122,SACREDHEARTKINGCITY.COM,Valid,,,,
941,107910259RR0124,WWW.STPATRICK.ON.CA,Valid,https://www.facebook.com/StPatricksParishMarkham/photos_albums,,,
942,107910259RR0126,WWW.STJOHNCHRYSOSTOM.ON.CA,Valid,,,,
943,107910259RR0127,WWW.MYGUARDIANANGELS.CA,Valid,http://www.facebook.com/group.php?gid=62572281278,,,
944,107910259RR0136,STFRANCISDESALES.CA,Valid,,,,
945,107910259RR0137,WWW.STDOMINICSCHURCH.CA,Valid,,,,http://www.youtube.com/dailymass
946,107910259RR0138,WWW.STAROFTHESEA.CA,Valid,http://www.facebook.com/pages/Star-of-the-Sea-Catholic-Parish/120778021351950,,http://www.twitter.com/#!/sosparish,http://www.youtube.com/user/stellamarisca?feature=mhee
947,107910259RR0142,WWW.SPMCHURCH.CA,Valid,,,,
948,107910259RR0143,WWW.STPAT-STNOEL.CA,Invalid,,,,
949,107910259RR0144,WWW.STJOSEPHSSTREETSVEILLE.COM,Invalid,,,,
950,107910259RR0146,WWW.STLUKESPARISH.CA,Valid,,,,
951,107910259RR0148,WWW.SACREDHEARTUXBRIDGE.CA,Invalid,,,,
952,107910259RR0151,WWW.SJEWHITBY.CA,Valid,,,,
953,107910259RR0154,STSMARTHAANDMARY.ORG,Valid,,,,
954,107910259RR0155,www.stclementparish.com,Valid,,,,
955,107910259RR0158,WWW.STMARTINOFTOURSCHURCH.BLOGSPOT.COM,Valid,,,,http://www.youtube.com/dailymass
956,107910259RR0160,WWW.SLDF.CA,Valid,,,,
957,107910259RR0164,WWW.STNORBERTSCHURCH.ORG,Valid,http://www.facebook.com/pages/St-Norbert-Roman-Catholic-Church/153931547982498?ref=sgm,,,http://www.youtube.com/stnorbertschurch#p/u
958,107910259RR0169,STEDITHSTEIN.CA,Invalid,,,,
959,107910259RR0176,WWW.STBARNABASCATHOLICCHURCH.CA,Valid,,,,
960,107910259RR0185,KOLBE.CA,Valid,,,,
961,107910259RR0186,WWW.HOLYFAMILYBOLTON.CA,Valid,,,,
962,107910259RR0189,WWW.SAINTTHOMASTHEAPOSTLE.CA,Valid,,,,
963,107910259RR0197,STJW.CA,Valid,,,,
964,107910259RR0198,WWW.STTHOMASMISSION.ORG,Valid,,,,http://www.youtube.com/vatican
965,107910259RR0200,WWW.STLEOTHEGREAT.CA,Valid,,,,
966,107910259RR0201,WWW.STJUSTIN.COM,Valid,,,,http://www.youtube.com/playlist?list=PL6dTaamqU0EOnIo6dB9mYTMNeK4EAj6aE
967,107910259RR0202,WWW.STELIZABETHSETON.CA,Invalid,,,,
968,107910259RR0204,WWW.STFRANCISXAVIERCHURCHBLOGSPOT.COM,Invalid,,,,
969,107910259RR0207,WWW.STDAVIDSMAPLE.COM,Invalid,,,,
970,107910259RR0211,WWW.TORONTOAIRPORTCHAPEL.COM,Invalid,,,,
971,107910259RR0217,WWW/OLGHTAMILPARISH.COM,Invalid,,,,
972,107910259RR0218,WWW.SCA-P.ORG,Valid,,,,
973,107910259RR0223,WWW.DEMAZENOD.ORG,Valid,https://www.facebook.com/SaintEugeneParish,,,http://www.youtube.com/channel/UCUehiVxpkuFsoZ3XsP3ACCw?feature=mhee
974,107910259RR0224,WWW.HOLYSPIRITBARRIE.CA,Valid,,,,
975,107910259RR0225,WWW.RYERCATH.CA,Invalid,,,,
976,107910259RR0227,WWW.STPADREPIOPARISH.ORG,Invalid,,,,
977,107910259RR0229,WWW.SHJPARISH.CA,Valid,,,,
978,107910259RR0232,WWW.STJOSEPHINEBAKHITA.ORG,Valid,,,,
979,107910259RR0233,www.cristoreiparish.org,Valid,,,,
980,107910275RR0001,WWW.DIOCESEOFMACKENZIE.COM,Valid,,,,
981,107910275RR0004,WWW.STPATSCHURCH.COM,Valid,,,,
982,107910275RR0005,WWW.HAYRIVERRC.COM,Valid,,,,
983,107910606RR0001,WWW.HOLYCROSSREGINA.CA,Invalid,,,,
984,107910945RR0001,USERS.ACCESSCOMM.CA/STPETE,Invalid,,,,
985,107913337RR0001,WWW.ROOFTOPS.CA,Valid,,,,
986,107913576RR0001,WWW.ROSALIEHALL.COM,Valid,http://www.facebook.com/pages/Rosalie-Hall-Young-Parent-Resource-Centre/147165308678492,,,http://www.youtube.com/user/RosalieHall?feature=watch
987,107913824RR0001,WWW.ROSEBUDSCHOOLOFTHEARTS.COM,Valid,http://www.facebook.com/rosebudschoolofthearts/photos/a.724832324193941.1073741835.205812609429251/765840420093131/?type=1&amp;relevant_count=1,,,http://www.youtube.com/watch?v=67qetijDbxs
988,107913873RR0001,WWW.ROSEDALEBAPTISTWELLAND.COM,Valid,,,,
989,107914012RR0001,WWW.RQM.CA,Valid,,,,
990,107914244RR0001,WWW.ROSELANDUNITEDCHURCH.CA,Valid,,,,http://www.youtube.com/watch?v=o_wAwZvUghc
991,107914533RR0001,ROSEMEREMEMORIAL.ORG,Invalid,,,,
992,107915456RR0001,WWW.ROSSCARROCKCHURCH.CA,Valid,,,,
993,107915654RR0001,WWW.ROSSLANDMUSEUM.CA,Valid,,,,
994,107915670RR0001,HTTP://ROSSLAND.BCLIBRARY.CA,Valid,https://www.facebook.com/RosslandPublicLibrary,,,
995,107915779RR0001,WWW.RMH.ORG,Valid,,,,
996,107915977RR0001,WWW.RJC.SK.CA,Valid,http://www.facebook.com/rjcgennext,,,http://www.youtube.com/RosthernJrCollege
997,107916033RR0001,WWW.CRCALGOMA.CA,Valid,,,,
998,107916330RR0001,WWW.RNS.CC,Valid,,,,
999,107933103RR0001,WWW.TONYSTACEYCENTRE.CA,Valid,,,,
1000,107935413RR0001,WWW.RCMUSIC.CA,Valid,http://www.facebook.com/sharer.php?u=http%3A%2F%2Fwww.rcmusic.ca%2F&amp;t=Homepage,,,
1001,107935587RR0001,WWW.ROYALHEIGHTSBAPTISTCHURCH.COM,Valid,https://www.facebook.com/pages/Royal-Heights-Baptist-Church-Delta-BC/430118693746606,,,
